AxIS Spike File,C:\Users\Emily Gordon\OneDrive - Nexus365\DPhil OXION\DBROTA~1\DATAEX~1\MADDY_~1\EMILY_~1\CHANGE~1\AXISNA~1\BASELI~1.SPK,,,,,,,,,,,,,,,,,,,,,,,,,,,,,,,,,,,,,,,,,,,,,,,,,,,,,,,,,,,,,,,,,,,,,,,,,,,,,,,,,,,,,,,,,,,,,,,,,,,,,,,,,,,,,,,,,,,,,,,,,,,,,,,,,,,,,,,,,,,,,,,,,,,,,,,,,,,,,,,,,,,,,,,,,,,,,,,,,,,,,,,,,,,,,,,,,,,,,,,,,,,,,,,,,,,,,,,,,,,,,,,,,,,,,,,,,,,,,,,,,,,,,,,,,,,,,,,,,,,,,,,,,,,,,,,,,,,,,,,,,,,,,,,,,,,,,,,,,,,,,,,,,,,,,,,,,,,,,,,,,,,,,,,,,,,,,,,,,,,,,,,,,,,,,,,,,,,,,,,,,,,,,,,,,,,,,,,,,,,,,,,
File Type,24-well,,,,,,,,,,,,,,,,,,,,,,,,,,,,,,,,,,,,,,,,,,,,,,,,,,,,,,,,,,,,,,,,,,,,,,,,,,,,,,,,,,,,,,,,,,,,,,,,,,,,,,,,,,,,,,,,,,,,,,,,,,,,,,,,,,,,,,,,,,,,,,,,,,,,,,,,,,,,,,,,,,,,,,,,,,,,,,,,,,,,,,,,,,,,,,,,,,,,,,,,,,,,,,,,,,,,,,,,,,,,,,,,,,,,,,,,,,,,,,,,,,,,,,,,,,,,,,,,,,,,,,,,,,,,,,,,,,,,,,,,,,,,,,,,,,,,,,,,,,,,,,,,,,,,,,,,,,,,,,,,,,,,,,,,,,,,,,,,,,,,,,,,,,,,,,,,,,,,,,,,,,,,,,,,,,,,,,,,,,,,,,,
,,,,,,,,,,,,,,,,,,,,,,,,,,,,,,,,,,,,,,,,,,,,,,,,,,,,,,,,,,,,,,,,,,,,,,,,,,,,,,,,,,,,,,,,,,,,,,,,,,,,,,,,,,,,,,,,,,,,,,,,,,,,,,,,,,,,,,,,,,,,,,,,,,,,,,,,,,,,,,,,,,,,,,,,,,,,,,,,,,,,,,,,,,,,,,,,,,,,,,,,,,,,,,,,,,,,,,,,,,,,,,,,,,,,,,,,,,,,,,,,,,,,,,,,,,,,,,,,,,,,,,,,,,,,,,,,,,,,,,,,,,,,,,,,,,,,,,,,,,,,,,,,,,,,,,,,,,,,,,,,,,,,,,,,,,,,,,,,,,,,,,,,,,,,,,,,,,,,,,,,,,,,,,,,,,,,,,,,,,,,,,,,
Analysis Start,0,,,,,,,,,,,,,,,,,,,,,,,,,,,,,,,,,,,,,,,,,,,,,,,,,,,,,,,,,,,,,,,,,,,,,,,,,,,,,,,,,,,,,,,,,,,,,,,,,,,,,,,,,,,,,,,,,,,,,,,,,,,,,,,,,,,,,,,,,,,,,,,,,,,,,,,,,,,,,,,,,,,,,,,,,,,,,,,,,,,,,,,,,,,,,,,,,,,,,,,,,,,,,,,,,,,,,,,,,,,,,,,,,,,,,,,,,,,,,,,,,,,,,,,,,,,,,,,,,,,,,,,,,,,,,,,,,,,,,,,,,,,,,,,,,,,,,,,,,,,,,,,,,,,,,,,,,,,,,,,,,,,,,,,,,,,,,,,,,,,,,,,,,,,,,,,,,,,,,,,,,,,,,,,,,,,,,,,,,,,,,,,
Analysis End,599,,,,,,,,,,,,,,,,,,,,,,,,,,,,,,,,,,,,,,,,,,,,,,,,,,,,,,,,,,,,,,,,,,,,,,,,,,,,,,,,,,,,,,,,,,,,,,,,,,,,,,,,,,,,,,,,,,,,,,,,,,,,,,,,,,,,,,,,,,,,,,,,,,,,,,,,,,,,,,,,,,,,,,,,,,,,,,,,,,,,,,,,,,,,,,,,,,,,,,,,,,,,,,,,,,,,,,,,,,,,,,,,,,,,,,,,,,,,,,,,,,,,,,,,,,,,,,,,,,,,,,,,,,,,,,,,,,,,,,,,,,,,,,,,,,,,,,,,,,,,,,,,,,,,,,,,,,,,,,,,,,,,,,,,,,,,,,,,,,,,,,,,,,,,,,,,,,,,,,,,,,,,,,,,,,,,,,,,,,,,,,,
Active Electrode Criterion (spks/min),5,,,,,,,,,,,,,,,,,,,,,,,,,,,,,,,,,,,,,,,,,,,,,,,,,,,,,,,,,,,,,,,,,,,,,,,,,,,,,,,,,,,,,,,,,,,,,,,,,,,,,,,,,,,,,,,,,,,,,,,,,,,,,,,,,,,,,,,,,,,,,,,,,,,,,,,,,,,,,,,,,,,,,,,,,,,,,,,,,,,,,,,,,,,,,,,,,,,,,,,,,,,,,,,,,,,,,,,,,,,,,,,,,,,,,,,,,,,,,,,,,,,,,,,,,,,,,,,,,,,,,,,,,,,,,,,,,,,,,,,,,,,,,,,,,,,,,,,,,,,,,,,,,,,,,,,,,,,,,,,,,,,,,,,,,,,,,,,,,,,,,,,,,,,,,,,,,,,,,,,,,,,,,,,,,,,,,,,,,,,,,,,
Minimum Covered Resistance (kOhms),18,,,,,,,,,,,,,,,,,,,,,,,,,,,,,,,,,,,,,,,,,,,,,,,,,,,,,,,,,,,,,,,,,,,,,,,,,,,,,,,,,,,,,,,,,,,,,,,,,,,,,,,,,,,,,,,,,,,,,,,,,,,,,,,,,,,,,,,,,,,,,,,,,,,,,,,,,,,,,,,,,,,,,,,,,,,,,,,,,,,,,,,,,,,,,,,,,,,,,,,,,,,,,,,,,,,,,,,,,,,,,,,,,,,,,,,,,,,,,,,,,,,,,,,,,,,,,,,,,,,,,,,,,,,,,,,,,,,,,,,,,,,,,,,,,,,,,,,,,,,,,,,,,,,,,,,,,,,,,,,,,,,,,,,,,,,,,,,,,,,,,,,,,,,,,,,,,,,,,,,,,,,,,,,,,,,,,,,,,,,,,,,
Remove Coincident Artifacts,FALSE,,,,,,,,,,,,,,,,,,,,,,,,,,,,,,,,,,,,,,,,,,,,,,,,,,,,,,,,,,,,,,,,,,,,,,,,,,,,,,,,,,,,,,,,,,,,,,,,,,,,,,,,,,,,,,,,,,,,,,,,,,,,,,,,,,,,,,,,,,,,,,,,,,,,,,,,,,,,,,,,,,,,,,,,,,,,,,,,,,,,,,,,,,,,,,,,,,,,,,,,,,,,,,,,,,,,,,,,,,,,,,,,,,,,,,,,,,,,,,,,,,,,,,,,,,,,,,,,,,,,,,,,,,,,,,,,,,,,,,,,,,,,,,,,,,,,,,,,,,,,,,,,,,,,,,,,,,,,,,,,,,,,,,,,,,,,,,,,,,,,,,,,,,,,,,,,,,,,,,,,,,,,,,,,,,,,,,,,,,,,,,,
,,,,,,,,,,,,,,,,,,,,,,,,,,,,,,,,,,,,,,,,,,,,,,,,,,,,,,,,,,,,,,,,,,,,,,,,,,,,,,,,,,,,,,,,,,,,,,,,,,,,,,,,,,,,,,,,,,,,,,,,,,,,,,,,,,,,,,,,,,,,,,,,,,,,,,,,,,,,,,,,,,,,,,,,,,,,,,,,,,,,,,,,,,,,,,,,,,,,,,,,,,,,,,,,,,,,,,,,,,,,,,,,,,,,,,,,,,,,,,,,,,,,,,,,,,,,,,,,,,,,,,,,,,,,,,,,,,,,,,,,,,,,,,,,,,,,,,,,,,,,,,,,,,,,,,,,,,,,,,,,,,,,,,,,,,,,,,,,,,,,,,,,,,,,,,,,,,,,,,,,,,,,,,,,,,,,,,,,,,,,,,,,
Electrode Burst Settings,,,,,,,,,,,,,,,,,,,,,,,,,,,,,,,,,,,,,,,,,,,,,,,,,,,,,,,,,,,,,,,,,,,,,,,,,,,,,,,,,,,,,,,,,,,,,,,,,,,,,,,,,,,,,,,,,,,,,,,,,,,,,,,,,,,,,,,,,,,,,,,,,,,,,,,,,,,,,,,,,,,,,,,,,,,,,,,,,,,,,,,,,,,,,,,,,,,,,,,,,,,,,,,,,,,,,,,,,,,,,,,,,,,,,,,,,,,,,,,,,,,,,,,,,,,,,,,,,,,,,,,,,,,,,,,,,,,,,,,,,,,,,,,,,,,,,,,,,,,,,,,,,,,,,,,,,,,,,,,,,,,,,,,,,,,,,,,,,,,,,,,,,,,,,,,,,,,,,,,,,,,,,,,,,,,,,,,,,,,,,,,,
    Algorithm,ISI Threshold,,,,,,,,,,,,,,,,,,,,,,,,,,,,,,,,,,,,,,,,,,,,,,,,,,,,,,,,,,,,,,,,,,,,,,,,,,,,,,,,,,,,,,,,,,,,,,,,,,,,,,,,,,,,,,,,,,,,,,,,,,,,,,,,,,,,,,,,,,,,,,,,,,,,,,,,,,,,,,,,,,,,,,,,,,,,,,,,,,,,,,,,,,,,,,,,,,,,,,,,,,,,,,,,,,,,,,,,,,,,,,,,,,,,,,,,,,,,,,,,,,,,,,,,,,,,,,,,,,,,,,,,,,,,,,,,,,,,,,,,,,,,,,,,,,,,,,,,,,,,,,,,,,,,,,,,,,,,,,,,,,,,,,,,,,,,,,,,,,,,,,,,,,,,,,,,,,,,,,,,,,,,,,,,,,,,,,,,,,,,,,,
    Min # of Spikes,5,,,,,,,,,,,,,,,,,,,,,,,,,,,,,,,,,,,,,,,,,,,,,,,,,,,,,,,,,,,,,,,,,,,,,,,,,,,,,,,,,,,,,,,,,,,,,,,,,,,,,,,,,,,,,,,,,,,,,,,,,,,,,,,,,,,,,,,,,,,,,,,,,,,,,,,,,,,,,,,,,,,,,,,,,,,,,,,,,,,,,,,,,,,,,,,,,,,,,,,,,,,,,,,,,,,,,,,,,,,,,,,,,,,,,,,,,,,,,,,,,,,,,,,,,,,,,,,,,,,,,,,,,,,,,,,,,,,,,,,,,,,,,,,,,,,,,,,,,,,,,,,,,,,,,,,,,,,,,,,,,,,,,,,,,,,,,,,,,,,,,,,,,,,,,,,,,,,,,,,,,,,,,,,,,,,,,,,,,,,,,,,
    Max ISI (ms),100,,,,,,,,,,,,,,,,,,,,,,,,,,,,,,,,,,,,,,,,,,,,,,,,,,,,,,,,,,,,,,,,,,,,,,,,,,,,,,,,,,,,,,,,,,,,,,,,,,,,,,,,,,,,,,,,,,,,,,,,,,,,,,,,,,,,,,,,,,,,,,,,,,,,,,,,,,,,,,,,,,,,,,,,,,,,,,,,,,,,,,,,,,,,,,,,,,,,,,,,,,,,,,,,,,,,,,,,,,,,,,,,,,,,,,,,,,,,,,,,,,,,,,,,,,,,,,,,,,,,,,,,,,,,,,,,,,,,,,,,,,,,,,,,,,,,,,,,,,,,,,,,,,,,,,,,,,,,,,,,,,,,,,,,,,,,,,,,,,,,,,,,,,,,,,,,,,,,,,,,,,,,,,,,,,,,,,,,,,,,,,,
,,,,,,,,,,,,,,,,,,,,,,,,,,,,,,,,,,,,,,,,,,,,,,,,,,,,,,,,,,,,,,,,,,,,,,,,,,,,,,,,,,,,,,,,,,,,,,,,,,,,,,,,,,,,,,,,,,,,,,,,,,,,,,,,,,,,,,,,,,,,,,,,,,,,,,,,,,,,,,,,,,,,,,,,,,,,,,,,,,,,,,,,,,,,,,,,,,,,,,,,,,,,,,,,,,,,,,,,,,,,,,,,,,,,,,,,,,,,,,,,,,,,,,,,,,,,,,,,,,,,,,,,,,,,,,,,,,,,,,,,,,,,,,,,,,,,,,,,,,,,,,,,,,,,,,,,,,,,,,,,,,,,,,,,,,,,,,,,,,,,,,,,,,,,,,,,,,,,,,,,,,,,,,,,,,,,,,,,,,,,,,,,
Network Burst Settings,,,,,,,,,,,,,,,,,,,,,,,,,,,,,,,,,,,,,,,,,,,,,,,,,,,,,,,,,,,,,,,,,,,,,,,,,,,,,,,,,,,,,,,,,,,,,,,,,,,,,,,,,,,,,,,,,,,,,,,,,,,,,,,,,,,,,,,,,,,,,,,,,,,,,,,,,,,,,,,,,,,,,,,,,,,,,,,,,,,,,,,,,,,,,,,,,,,,,,,,,,,,,,,,,,,,,,,,,,,,,,,,,,,,,,,,,,,,,,,,,,,,,,,,,,,,,,,,,,,,,,,,,,,,,,,,,,,,,,,,,,,,,,,,,,,,,,,,,,,,,,,,,,,,,,,,,,,,,,,,,,,,,,,,,,,,,,,,,,,,,,,,,,,,,,,,,,,,,,,,,,,,,,,,,,,,,,,,,,,,,,,,
    Algorithm,ISI Threshold,,,,,,,,,,,,,,,,,,,,,,,,,,,,,,,,,,,,,,,,,,,,,,,,,,,,,,,,,,,,,,,,,,,,,,,,,,,,,,,,,,,,,,,,,,,,,,,,,,,,,,,,,,,,,,,,,,,,,,,,,,,,,,,,,,,,,,,,,,,,,,,,,,,,,,,,,,,,,,,,,,,,,,,,,,,,,,,,,,,,,,,,,,,,,,,,,,,,,,,,,,,,,,,,,,,,,,,,,,,,,,,,,,,,,,,,,,,,,,,,,,,,,,,,,,,,,,,,,,,,,,,,,,,,,,,,,,,,,,,,,,,,,,,,,,,,,,,,,,,,,,,,,,,,,,,,,,,,,,,,,,,,,,,,,,,,,,,,,,,,,,,,,,,,,,,,,,,,,,,,,,,,,,,,,,,,,,,,,,,,,,,
    Min # of Spikes,50,,,,,,,,,,,,,,,,,,,,,,,,,,,,,,,,,,,,,,,,,,,,,,,,,,,,,,,,,,,,,,,,,,,,,,,,,,,,,,,,,,,,,,,,,,,,,,,,,,,,,,,,,,,,,,,,,,,,,,,,,,,,,,,,,,,,,,,,,,,,,,,,,,,,,,,,,,,,,,,,,,,,,,,,,,,,,,,,,,,,,,,,,,,,,,,,,,,,,,,,,,,,,,,,,,,,,,,,,,,,,,,,,,,,,,,,,,,,,,,,,,,,,,,,,,,,,,,,,,,,,,,,,,,,,,,,,,,,,,,,,,,,,,,,,,,,,,,,,,,,,,,,,,,,,,,,,,,,,,,,,,,,,,,,,,,,,,,,,,,,,,,,,,,,,,,,,,,,,,,,,,,,,,,,,,,,,,,,,,,,,,,
    Max ISI (ms),100,,,,,,,,,,,,,,,,,,,,,,,,,,,,,,,,,,,,,,,,,,,,,,,,,,,,,,,,,,,,,,,,,,,,,,,,,,,,,,,,,,,,,,,,,,,,,,,,,,,,,,,,,,,,,,,,,,,,,,,,,,,,,,,,,,,,,,,,,,,,,,,,,,,,,,,,,,,,,,,,,,,,,,,,,,,,,,,,,,,,,,,,,,,,,,,,,,,,,,,,,,,,,,,,,,,,,,,,,,,,,,,,,,,,,,,,,,,,,,,,,,,,,,,,,,,,,,,,,,,,,,,,,,,,,,,,,,,,,,,,,,,,,,,,,,,,,,,,,,,,,,,,,,,,,,,,,,,,,,,,,,,,,,,,,,,,,,,,,,,,,,,,,,,,,,,,,,,,,,,,,,,,,,,,,,,,,,,,,,,,,,,
    Min # of Electrodes (%),35,,,,,,,,,,,,,,,,,,,,,,,,,,,,,,,,,,,,,,,,,,,,,,,,,,,,,,,,,,,,,,,,,,,,,,,,,,,,,,,,,,,,,,,,,,,,,,,,,,,,,,,,,,,,,,,,,,,,,,,,,,,,,,,,,,,,,,,,,,,,,,,,,,,,,,,,,,,,,,,,,,,,,,,,,,,,,,,,,,,,,,,,,,,,,,,,,,,,,,,,,,,,,,,,,,,,,,,,,,,,,,,,,,,,,,,,,,,,,,,,,,,,,,,,,,,,,,,,,,,,,,,,,,,,,,,,,,,,,,,,,,,,,,,,,,,,,,,,,,,,,,,,,,,,,,,,,,,,,,,,,,,,,,,,,,,,,,,,,,,,,,,,,,,,,,,,,,,,,,,,,,,,,,,,,,,,,,,,,,,,,,,
,,,,,,,,,,,,,,,,,,,,,,,,,,,,,,,,,,,,,,,,,,,,,,,,,,,,,,,,,,,,,,,,,,,,,,,,,,,,,,,,,,,,,,,,,,,,,,,,,,,,,,,,,,,,,,,,,,,,,,,,,,,,,,,,,,,,,,,,,,,,,,,,,,,,,,,,,,,,,,,,,,,,,,,,,,,,,,,,,,,,,,,,,,,,,,,,,,,,,,,,,,,,,,,,,,,,,,,,,,,,,,,,,,,,,,,,,,,,,,,,,,,,,,,,,,,,,,,,,,,,,,,,,,,,,,,,,,,,,,,,,,,,,,,,,,,,,,,,,,,,,,,,,,,,,,,,,,,,,,,,,,,,,,,,,,,,,,,,,,,,,,,,,,,,,,,,,,,,,,,,,,,,,,,,,,,,,,,,,,,,,,,,
Synchrony Settings,,,,,,,,,,,,,,,,,,,,,,,,,,,,,,,,,,,,,,,,,,,,,,,,,,,,,,,,,,,,,,,,,,,,,,,,,,,,,,,,,,,,,,,,,,,,,,,,,,,,,,,,,,,,,,,,,,,,,,,,,,,,,,,,,,,,,,,,,,,,,,,,,,,,,,,,,,,,,,,,,,,,,,,,,,,,,,,,,,,,,,,,,,,,,,,,,,,,,,,,,,,,,,,,,,,,,,,,,,,,,,,,,,,,,,,,,,,,,,,,,,,,,,,,,,,,,,,,,,,,,,,,,,,,,,,,,,,,,,,,,,,,,,,,,,,,,,,,,,,,,,,,,,,,,,,,,,,,,,,,,,,,,,,,,,,,,,,,,,,,,,,,,,,,,,,,,,,,,,,,,,,,,,,,,,,,,,,,,,,,,,,,
    Synchrony Window,20,,,,,,,,,,,,,,,,,,,,,,,,,,,,,,,,,,,,,,,,,,,,,,,,,,,,,,,,,,,,,,,,,,,,,,,,,,,,,,,,,,,,,,,,,,,,,,,,,,,,,,,,,,,,,,,,,,,,,,,,,,,,,,,,,,,,,,,,,,,,,,,,,,,,,,,,,,,,,,,,,,,,,,,,,,,,,,,,,,,,,,,,,,,,,,,,,,,,,,,,,,,,,,,,,,,,,,,,,,,,,,,,,,,,,,,,,,,,,,,,,,,,,,,,,,,,,,,,,,,,,,,,,,,,,,,,,,,,,,,,,,,,,,,,,,,,,,,,,,,,,,,,,,,,,,,,,,,,,,,,,,,,,,,,,,,,,,,,,,,,,,,,,,,,,,,,,,,,,,,,,,,,,,,,,,,,,,,,,,,,,,,
,,,,,,,,,,,,,,,,,,,,,,,,,,,,,,,,,,,,,,,,,,,,,,,,,,,,,,,,,,,,,,,,,,,,,,,,,,,,,,,,,,,,,,,,,,,,,,,,,,,,,,,,,,,,,,,,,,,,,,,,,,,,,,,,,,,,,,,,,,,,,,,,,,,,,,,,,,,,,,,,,,,,,,,,,,,,,,,,,,,,,,,,,,,,,,,,,,,,,,,,,,,,,,,,,,,,,,,,,,,,,,,,,,,,,,,,,,,,,,,,,,,,,,,,,,,,,,,,,,,,,,,,,,,,,,,,,,,,,,,,,,,,,,,,,,,,,,,,,,,,,,,,,,,,,,,,,,,,,,,,,,,,,,,,,,,,,,,,,,,,,,,,,,,,,,,,,,,,,,,,,,,,,,,,,,,,,,,,,,,,,,,,
Average Network Burst Analysis Settings,,,,,,,,,,,,,,,,,,,,,,,,,,,,,,,,,,,,,,,,,,,,,,,,,,,,,,,,,,,,,,,,,,,,,,,,,,,,,,,,,,,,,,,,,,,,,,,,,,,,,,,,,,,,,,,,,,,,,,,,,,,,,,,,,,,,,,,,,,,,,,,,,,,,,,,,,,,,,,,,,,,,,,,,,,,,,,,,,,,,,,,,,,,,,,,,,,,,,,,,,,,,,,,,,,,,,,,,,,,,,,,,,,,,,,,,,,,,,,,,,,,,,,,,,,,,,,,,,,,,,,,,,,,,,,,,,,,,,,,,,,,,,,,,,,,,,,,,,,,,,,,,,,,,,,,,,,,,,,,,,,,,,,,,,,,,,,,,,,,,,,,,,,,,,,,,,,,,,,,,,,,,,,,,,,,,,,,,,,,,,,,,
    Number of network bursts vary by well,,,,,,,,,,,,,,,,,,,,,,,,,,,,,,,,,,,,,,,,,,,,,,,,,,,,,,,,,,,,,,,,,,,,,,,,,,,,,,,,,,,,,,,,,,,,,,,,,,,,,,,,,,,,,,,,,,,,,,,,,,,,,,,,,,,,,,,,,,,,,,,,,,,,,,,,,,,,,,,,,,,,,,,,,,,,,,,,,,,,,,,,,,,,,,,,,,,,,,,,,,,,,,,,,,,,,,,,,,,,,,,,,,,,,,,,,,,,,,,,,,,,,,,,,,,,,,,,,,,,,,,,,,,,,,,,,,,,,,,,,,,,,,,,,,,,,,,,,,,,,,,,,,,,,,,,,,,,,,,,,,,,,,,,,,,,,,,,,,,,,,,,,,,,,,,,,,,,,,,,,,,,,,,,,,,,,,,,,,,,,,,,
    Network Burst Window Start (ms),0,,,,,,,,,,,,,,,,,,,,,,,,,,,,,,,,,,,,,,,,,,,,,,,,,,,,,,,,,,,,,,,,,,,,,,,,,,,,,,,,,,,,,,,,,,,,,,,,,,,,,,,,,,,,,,,,,,,,,,,,,,,,,,,,,,,,,,,,,,,,,,,,,,,,,,,,,,,,,,,,,,,,,,,,,,,,,,,,,,,,,,,,,,,,,,,,,,,,,,,,,,,,,,,,,,,,,,,,,,,,,,,,,,,,,,,,,,,,,,,,,,,,,,,,,,,,,,,,,,,,,,,,,,,,,,,,,,,,,,,,,,,,,,,,,,,,,,,,,,,,,,,,,,,,,,,,,,,,,,,,,,,,,,,,,,,,,,,,,,,,,,,,,,,,,,,,,,,,,,,,,,,,,,,,,,,,,,,,,,,,,,,
    Network Burst Window End (ms),100,,,,,,,,,,,,,,,,,,,,,,,,,,,,,,,,,,,,,,,,,,,,,,,,,,,,,,,,,,,,,,,,,,,,,,,,,,,,,,,,,,,,,,,,,,,,,,,,,,,,,,,,,,,,,,,,,,,,,,,,,,,,,,,,,,,,,,,,,,,,,,,,,,,,,,,,,,,,,,,,,,,,,,,,,,,,,,,,,,,,,,,,,,,,,,,,,,,,,,,,,,,,,,,,,,,,,,,,,,,,,,,,,,,,,,,,,,,,,,,,,,,,,,,,,,,,,,,,,,,,,,,,,,,,,,,,,,,,,,,,,,,,,,,,,,,,,,,,,,,,,,,,,,,,,,,,,,,,,,,,,,,,,,,,,,,,,,,,,,,,,,,,,,,,,,,,,,,,,,,,,,,,,,,,,,,,,,,,,,,,,,,
    Bin Size (ms),1,,,,,,,,,,,,,,,,,,,,,,,,,,,,,,,,,,,,,,,,,,,,,,,,,,,,,,,,,,,,,,,,,,,,,,,,,,,,,,,,,,,,,,,,,,,,,,,,,,,,,,,,,,,,,,,,,,,,,,,,,,,,,,,,,,,,,,,,,,,,,,,,,,,,,,,,,,,,,,,,,,,,,,,,,,,,,,,,,,,,,,,,,,,,,,,,,,,,,,,,,,,,,,,,,,,,,,,,,,,,,,,,,,,,,,,,,,,,,,,,,,,,,,,,,,,,,,,,,,,,,,,,,,,,,,,,,,,,,,,,,,,,,,,,,,,,,,,,,,,,,,,,,,,,,,,,,,,,,,,,,,,,,,,,,,,,,,,,,,,,,,,,,,,,,,,,,,,,,,,,,,,,,,,,,,,,,,,,,,,,,,,
,,,,,,,,,,,,,,,,,,,,,,,,,,,,,,,,,,,,,,,,,,,,,,,,,,,,,,,,,,,,,,,,,,,,,,,,,,,,,,,,,,,,,,,,,,,,,,,,,,,,,,,,,,,,,,,,,,,,,,,,,,,,,,,,,,,,,,,,,,,,,,,,,,,,,,,,,,,,,,,,,,,,,,,,,,,,,,,,,,,,,,,,,,,,,,,,,,,,,,,,,,,,,,,,,,,,,,,,,,,,,,,,,,,,,,,,,,,,,,,,,,,,,,,,,,,,,,,,,,,,,,,,,,,,,,,,,,,,,,,,,,,,,,,,,,,,,,,,,,,,,,,,,,,,,,,,,,,,,,,,,,,,,,,,,,,,,,,,,,,,,,,,,,,,,,,,,,,,,,,,,,,,,,,,,,,,,,,,,,,,,,,,
Well Averages,A1,A2,A3,A4,A5,A6,B1,B2,B3,B4,B5,B6,C1,C2,C3,C4,C5,C6,D1,D2,D3,D4,D5,D6,,,,,,,,,,,,,,,,,,,,,,,,,,,,,,,,,,,,,,,,,,,,,,,,,,,,,,,,,,,,,,,,,,,,,,,,,,,,,,,,,,,,,,,,,,,,,,,,,,,,,,,,,,,,,,,,,,,,,,,,,,,,,,,,,,,,,,,,,,,,,,,,,,,,,,,,,,,,,,,,,,,,,,,,,,,,,,,,,,,,,,,,,,,,,,,,,,,,,,,,,,,,,,,,,,,,,,,,,,,,,,,,,,,,,,,,,,,,,,,,,,,,,,,,,,,,,,,,,,,,,,,,,,,,,,,,,,,,,,,,,,,,,,,,,,,,,,,,,,,,,,,,,,,,,,,,,,,,,,,,,,,,,,,,,,,,,,,,,,,,,,,,,,,,,,,,,,,,,,,,
Treatment/ID,,,,,,,,,,,,,,,,,,,,,,,,,,,,,,,,,,,,,,,,,,,,,,,,,,,,,,,,,,,,,,,,,,,,,,,,,,,,,,,,,,,,,,,,,,,,,,,,,,,,,,,,,,,,,,,,,,,,,,,,,,,,,,,,,,,,,,,,,,,,,,,,,,,,,,,,,,,,,,,,,,,,,,,,,,,,,,,,,,,,,,,,,,,,,,,,,,,,,,,,,,,,,,,,,,,,,,,,,,,,,,,,,,,,,,,,,,,,,,,,,,,,,,,,,,,,,,,,,,,,,,,,,,,,,,,,,,,,,,,,,,,,,,,,,,,,,,,,,,,,,,,,,,,,,,,,,,,,,,,,,,,,,,,,,,,,,,,,,,,,,,,,,,,,,,,,,,,,,,,,,,,,,,,,,,,,,,,,,,,,,,,,
Activity Metrics,,,,,,,,,,,,,,,,,,,,,,,,,,,,,,,,,,,,,,,,,,,,,,,,,,,,,,,,,,,,,,,,,,,,,,,,,,,,,,,,,,,,,,,,,,,,,,,,,,,,,,,,,,,,,,,,,,,,,,,,,,,,,,,,,,,,,,,,,,,,,,,,,,,,,,,,,,,,,,,,,,,,,,,,,,,,,,,,,,,,,,,,,,,,,,,,,,,,,,,,,,,,,,,,,,,,,,,,,,,,,,,,,,,,,,,,,,,,,,,,,,,,,,,,,,,,,,,,,,,,,,,,,,,,,,,,,,,,,,,,,,,,,,,,,,,,,,,,,,,,,,,,,,,,,,,,,,,,,,,,,,,,,,,,,,,,,,,,,,,,,,,,,,,,,,,,,,,,,,,,,,,,,,,,,,,,,,,,,,,,,,,,
    Number of Spikes,8817,25424,11829,1348,1336,23538,3952,150,24903,9047,3299,17742,6066,4171,3169,1068,4076,252,20003,0,4164,2842,234,730,,,,,,,,,,,,,,,,,,,,,,,,,,,,,,,,,,,,,,,,,,,,,,,,,,,,,,,,,,,,,,,,,,,,,,,,,,,,,,,,,,,,,,,,,,,,,,,,,,,,,,,,,,,,,,,,,,,,,,,,,,,,,,,,,,,,,,,,,,,,,,,,,,,,,,,,,,,,,,,,,,,,,,,,,,,,,,,,,,,,,,,,,,,,,,,,,,,,,,,,,,,,,,,,,,,,,,,,,,,,,,,,,,,,,,,,,,,,,,,,,,,,,,,,,,,,,,,,,,,,,,,,,,,,,,,,,,,,,,,,,,,,,,,,,,,,,,,,,,,,,,,,,,,,,,,,,,,,,,,,,,,,,,,,,,,,,,,,,,,,,,,,,,,,,,,,,,,,,,,,
    Mean Firing Rate (Hz),0.919971,2.652755,1.234245,0.140651,0.139399,2.455968,0.412354,0.015651,2.598393,0.943969,0.34422,1.85121,0.63293,0.435205,0.330655,0.111436,0.425292,0.026294,2.087124,0,0.434474,0.296536,0.024416,0.076169,,,,,,,,,,,,,,,,,,,,,,,,,,,,,,,,,,,,,,,,,,,,,,,,,,,,,,,,,,,,,,,,,,,,,,,,,,,,,,,,,,,,,,,,,,,,,,,,,,,,,,,,,,,,,,,,,,,,,,,,,,,,,,,,,,,,,,,,,,,,,,,,,,,,,,,,,,,,,,,,,,,,,,,,,,,,,,,,,,,,,,,,,,,,,,,,,,,,,,,,,,,,,,,,,,,,,,,,,,,,,,,,,,,,,,,,,,,,,,,,,,,,,,,,,,,,,,,,,,,,,,,,,,,,,,,,,,,,,,,,,,,,,,,,,,,,,,,,,,,,,,,,,,,,,,,,,,,,,,,,,,,,,,,,,,,,,,,,,,,,,,,,,,,,,,,,,,,,,,,,
    ISI Coefficient of Variation - Avg,3.119076,2.275937,3.84256,3.169882,2.246908,2.327826,1.68967,1.365075,3.719263,1.615587,1.685609,1.424741,2.226527,4.265186,2.4333,3.627773,2.377241,3.413719,2.224556, ,2.412387,4.375899,1.710094,5.75284,,,,,,,,,,,,,,,,,,,,,,,,,,,,,,,,,,,,,,,,,,,,,,,,,,,,,,,,,,,,,,,,,,,,,,,,,,,,,,,,,,,,,,,,,,,,,,,,,,,,,,,,,,,,,,,,,,,,,,,,,,,,,,,,,,,,,,,,,,,,,,,,,,,,,,,,,,,,,,,,,,,,,,,,,,,,,,,,,,,,,,,,,,,,,,,,,,,,,,,,,,,,,,,,,,,,,,,,,,,,,,,,,,,,,,,,,,,,,,,,,,,,,,,,,,,,,,,,,,,,,,,,,,,,,,,,,,,,,,,,,,,,,,,,,,,,,,,,,,,,,,,,,,,,,,,,,,,,,,,,,,,,,,,,,,,,,,,,,,,,,,,,,,,,,,,,,,,,,,,,
    Number of Active Electrodes,11,12,14,3,4,8,4,2,15,9,8,9,9,6,3,3,5,1,9,0,8,6,2,1,,,,,,,,,,,,,,,,,,,,,,,,,,,,,,,,,,,,,,,,,,,,,,,,,,,,,,,,,,,,,,,,,,,,,,,,,,,,,,,,,,,,,,,,,,,,,,,,,,,,,,,,,,,,,,,,,,,,,,,,,,,,,,,,,,,,,,,,,,,,,,,,,,,,,,,,,,,,,,,,,,,,,,,,,,,,,,,,,,,,,,,,,,,,,,,,,,,,,,,,,,,,,,,,,,,,,,,,,,,,,,,,,,,,,,,,,,,,,,,,,,,,,,,,,,,,,,,,,,,,,,,,,,,,,,,,,,,,,,,,,,,,,,,,,,,,,,,,,,,,,,,,,,,,,,,,,,,,,,,,,,,,,,,,,,,,,,,,,,,,,,,,,,,,,,,,,,,,,,,,
    Weighted Mean Firing Rate (Hz),1.32873,3.536728,1.409015,0.715081,0.549666,4.906093,1.625626,0.111853,2.771619,1.666667,0.684057,3.288815,1.111111,1.160267,1.739566,0.57596,1.359933,0.409015,3.709516, ,0.86227,0.784363,0.171953,1.218698,,,,,,,,,,,,,,,,,,,,,,,,,,,,,,,,,,,,,,,,,,,,,,,,,,,,,,,,,,,,,,,,,,,,,,,,,,,,,,,,,,,,,,,,,,,,,,,,,,,,,,,,,,,,,,,,,,,,,,,,,,,,,,,,,,,,,,,,,,,,,,,,,,,,,,,,,,,,,,,,,,,,,,,,,,,,,,,,,,,,,,,,,,,,,,,,,,,,,,,,,,,,,,,,,,,,,,,,,,,,,,,,,,,,,,,,,,,,,,,,,,,,,,,,,,,,,,,,,,,,,,,,,,,,,,,,,,,,,,,,,,,,,,,,,,,,,,,,,,,,,,,,,,,,,,,,,,,,,,,,,,,,,,,,,,,,,,,,,,,,,,,,,,,,,,,,,,,,,,,,
Electrode Burst Metrics,,,,,,,,,,,,,,,,,,,,,,,,,,,,,,,,,,,,,,,,,,,,,,,,,,,,,,,,,,,,,,,,,,,,,,,,,,,,,,,,,,,,,,,,,,,,,,,,,,,,,,,,,,,,,,,,,,,,,,,,,,,,,,,,,,,,,,,,,,,,,,,,,,,,,,,,,,,,,,,,,,,,,,,,,,,,,,,,,,,,,,,,,,,,,,,,,,,,,,,,,,,,,,,,,,,,,,,,,,,,,,,,,,,,,,,,,,,,,,,,,,,,,,,,,,,,,,,,,,,,,,,,,,,,,,,,,,,,,,,,,,,,,,,,,,,,,,,,,,,,,,,,,,,,,,,,,,,,,,,,,,,,,,,,,,,,,,,,,,,,,,,,,,,,,,,,,,,,,,,,,,,,,,,,,,,,,,,,,,,,,,,,
    Number of Bursts,310,1651,446,58,101,1690,247,3,1526,522,101,587,292,137,185,75,179,10,707,0,276,102,8,47,,,,,,,,,,,,,,,,,,,,,,,,,,,,,,,,,,,,,,,,,,,,,,,,,,,,,,,,,,,,,,,,,,,,,,,,,,,,,,,,,,,,,,,,,,,,,,,,,,,,,,,,,,,,,,,,,,,,,,,,,,,,,,,,,,,,,,,,,,,,,,,,,,,,,,,,,,,,,,,,,,,,,,,,,,,,,,,,,,,,,,,,,,,,,,,,,,,,,,,,,,,,,,,,,,,,,,,,,,,,,,,,,,,,,,,,,,,,,,,,,,,,,,,,,,,,,,,,,,,,,,,,,,,,,,,,,,,,,,,,,,,,,,,,,,,,,,,,,,,,,,,,,,,,,,,,,,,,,,,,,,,,,,,,,,,,,,,,,,,,,,,,,,,,,,,,,,,,,,,,
    Number of Bursting Electrodes,11,12,14,3,4,8,2,3,14,8,8,9,7,6,3,3,5,1,9,0,8,5,3,1,,,,,,,,,,,,,,,,,,,,,,,,,,,,,,,,,,,,,,,,,,,,,,,,,,,,,,,,,,,,,,,,,,,,,,,,,,,,,,,,,,,,,,,,,,,,,,,,,,,,,,,,,,,,,,,,,,,,,,,,,,,,,,,,,,,,,,,,,,,,,,,,,,,,,,,,,,,,,,,,,,,,,,,,,,,,,,,,,,,,,,,,,,,,,,,,,,,,,,,,,,,,,,,,,,,,,,,,,,,,,,,,,,,,,,,,,,,,,,,,,,,,,,,,,,,,,,,,,,,,,,,,,,,,,,,,,,,,,,,,,,,,,,,,,,,,,,,,,,,,,,,,,,,,,,,,,,,,,,,,,,,,,,,,,,,,,,,,,,,,,,,,,,,,,,,,,,,,,,,,
    Burst Duration - Avg (sec),0.162078,0.069238,0.126811,0.089378,0.088184,0.066295,0.05895,0.146507,0.072494,0.066962,0.063547,0.101334,0.136617,0.190544,0.09098,0.133007,0.135412,0.446144,0.10659, ,0.101384,0.160731,0.126262,0.129755,,,,,,,,,,,,,,,,,,,,,,,,,,,,,,,,,,,,,,,,,,,,,,,,,,,,,,,,,,,,,,,,,,,,,,,,,,,,,,,,,,,,,,,,,,,,,,,,,,,,,,,,,,,,,,,,,,,,,,,,,,,,,,,,,,,,,,,,,,,,,,,,,,,,,,,,,,,,,,,,,,,,,,,,,,,,,,,,,,,,,,,,,,,,,,,,,,,,,,,,,,,,,,,,,,,,,,,,,,,,,,,,,,,,,,,,,,,,,,,,,,,,,,,,,,,,,,,,,,,,,,,,,,,,,,,,,,,,,,,,,,,,,,,,,,,,,,,,,,,,,,,,,,,,,,,,,,,,,,,,,,,,,,,,,,,,,,,,,,,,,,,,,,,,,,,,,,,,,,,,
    Burst Duration - Std (sec),0.052854,0.016593,0.029861,0.025329,0.024187,0.022579,0.024165,0.109523,0.018092,0.022315,0.022064,0.037012,0.048139,0.049689,0.014681,0.017406,0.027251, ,0.029169, ,0.059286,0.02308,0.10885, ,,,,,,,,,,,,,,,,,,,,,,,,,,,,,,,,,,,,,,,,,,,,,,,,,,,,,,,,,,,,,,,,,,,,,,,,,,,,,,,,,,,,,,,,,,,,,,,,,,,,,,,,,,,,,,,,,,,,,,,,,,,,,,,,,,,,,,,,,,,,,,,,,,,,,,,,,,,,,,,,,,,,,,,,,,,,,,,,,,,,,,,,,,,,,,,,,,,,,,,,,,,,,,,,,,,,,,,,,,,,,,,,,,,,,,,,,,,,,,,,,,,,,,,,,,,,,,,,,,,,,,,,,,,,,,,,,,,,,,,,,,,,,,,,,,,,,,,,,,,,,,,,,,,,,,,,,,,,,,,,,,,,,,,,,,,,,,,,,,,,,,,,,,,,,,,,,,,,,,,,
    Number of Spikes per Burst - Avg,15.750739,10.956296,21.792209,10.012121,6.714671,9.465148,8.624598,7.333333,14.596595,8.252167,7.35757,7.778533,11.314812,21.65559,9.736493,10.385732,10.975196,21.7,13.409422, ,8.136199,17.667089,5.5,14.595745,,,,,,,,,,,,,,,,,,,,,,,,,,,,,,,,,,,,,,,,,,,,,,,,,,,,,,,,,,,,,,,,,,,,,,,,,,,,,,,,,,,,,,,,,,,,,,,,,,,,,,,,,,,,,,,,,,,,,,,,,,,,,,,,,,,,,,,,,,,,,,,,,,,,,,,,,,,,,,,,,,,,,,,,,,,,,,,,,,,,,,,,,,,,,,,,,,,,,,,,,,,,,,,,,,,,,,,,,,,,,,,,,,,,,,,,,,,,,,,,,,,,,,,,,,,,,,,,,,,,,,,,,,,,,,,,,,,,,,,,,,,,,,,,,,,,,,,,,,,,,,,,,,,,,,,,,,,,,,,,,,,,,,,,,,,,,,,,,,,,,,,,,,,,,,,,,,,,,,,,
    Number of Spikes per Burst - Std,11.727376,2.566485,13.30913,8.681249,1.017089,2.02186,0.20988,1.154701,5.463178,2.56125,2.076683,2.655734,5.981083,13.37153,0.388658,3.384228,4.05983, ,7.85191, ,1.780278,10.7118,0.5, ,,,,,,,,,,,,,,,,,,,,,,,,,,,,,,,,,,,,,,,,,,,,,,,,,,,,,,,,,,,,,,,,,,,,,,,,,,,,,,,,,,,,,,,,,,,,,,,,,,,,,,,,,,,,,,,,,,,,,,,,,,,,,,,,,,,,,,,,,,,,,,,,,,,,,,,,,,,,,,,,,,,,,,,,,,,,,,,,,,,,,,,,,,,,,,,,,,,,,,,,,,,,,,,,,,,,,,,,,,,,,,,,,,,,,,,,,,,,,,,,,,,,,,,,,,,,,,,,,,,,,,,,,,,,,,,,,,,,,,,,,,,,,,,,,,,,,,,,,,,,,,,,,,,,,,,,,,,,,,,,,,,,,,,,,,,,,,,,,,,,,,,,,,,,,,,,,,,,,,,,
    Mean ISI within Burst - Avg (sec),0.019017,0.008329,0.008442,0.014653,0.014801,0.007989,0.007567,0.021317,0.005232,0.010208,0.011229,0.018343,0.020003,0.016697,0.010831,0.017733,0.01751,0.024091,0.011263, ,0.016321,0.012713,0.029914,0.008487,,,,,,,,,,,,,,,,,,,,,,,,,,,,,,,,,,,,,,,,,,,,,,,,,,,,,,,,,,,,,,,,,,,,,,,,,,,,,,,,,,,,,,,,,,,,,,,,,,,,,,,,,,,,,,,,,,,,,,,,,,,,,,,,,,,,,,,,,,,,,,,,,,,,,,,,,,,,,,,,,,,,,,,,,,,,,,,,,,,,,,,,,,,,,,,,,,,,,,,,,,,,,,,,,,,,,,,,,,,,,,,,,,,,,,,,,,,,,,,,,,,,,,,,,,,,,,,,,,,,,,,,,,,,,,,,,,,,,,,,,,,,,,,,,,,,,,,,,,,,,,,,,,,,,,,,,,,,,,,,,,,,,,,,,,,,,,,,,,,,,,,,,,,,,,,,,,,,,,,,
    Mean ISI within Burst - Std (sec),0.015739,0.002508,0.004057,0.007686,0.001678,0.002735,0.003099,0.014977,0.002971,0.004811,0.006191,0.00904,0.014465,0.01325,0.002482,0.007556,0.003966, ,0.003126, ,0.014415,0.007417,0.028282, ,,,,,,,,,,,,,,,,,,,,,,,,,,,,,,,,,,,,,,,,,,,,,,,,,,,,,,,,,,,,,,,,,,,,,,,,,,,,,,,,,,,,,,,,,,,,,,,,,,,,,,,,,,,,,,,,,,,,,,,,,,,,,,,,,,,,,,,,,,,,,,,,,,,,,,,,,,,,,,,,,,,,,,,,,,,,,,,,,,,,,,,,,,,,,,,,,,,,,,,,,,,,,,,,,,,,,,,,,,,,,,,,,,,,,,,,,,,,,,,,,,,,,,,,,,,,,,,,,,,,,,,,,,,,,,,,,,,,,,,,,,,,,,,,,,,,,,,,,,,,,,,,,,,,,,,,,,,,,,,,,,,,,,,,,,,,,,,,,,,,,,,,,,,,,,,,,,,,,,,,
    Median ISI within Burst - Avg (sec),0.014656,0.005804,0.004665,0.007542,0.008463,0.005206,0.004939,0.024533,0.003812,0.006222,0.008268,0.009495,0.015615,0.011167,0.005756,0.011301,0.012629,0.022804,0.007299, ,0.013044,0.0071,0.027193,0.005444,,,,,,,,,,,,,,,,,,,,,,,,,,,,,,,,,,,,,,,,,,,,,,,,,,,,,,,,,,,,,,,,,,,,,,,,,,,,,,,,,,,,,,,,,,,,,,,,,,,,,,,,,,,,,,,,,,,,,,,,,,,,,,,,,,,,,,,,,,,,,,,,,,,,,,,,,,,,,,,,,,,,,,,,,,,,,,,,,,,,,,,,,,,,,,,,,,,,,,,,,,,,,,,,,,,,,,,,,,,,,,,,,,,,,,,,,,,,,,,,,,,,,,,,,,,,,,,,,,,,,,,,,,,,,,,,,,,,,,,,,,,,,,,,,,,,,,,,,,,,,,,,,,,,,,,,,,,,,,,,,,,,,,,,,,,,,,,,,,,,,,,,,,,,,,,,,,,,,,,,
    Median ISI within Burst - Std (sec),0.014903,0.001988,0.001972,0.006581,0.001862,0.001796,0.002122,0.018393,0.002256,0.002501,0.005312,0.005059,0.015525,0.010143,0.000924,0.004136,0.004172, ,0.003223, ,0.015194,0.005146,0.027262, ,,,,,,,,,,,,,,,,,,,,,,,,,,,,,,,,,,,,,,,,,,,,,,,,,,,,,,,,,,,,,,,,,,,,,,,,,,,,,,,,,,,,,,,,,,,,,,,,,,,,,,,,,,,,,,,,,,,,,,,,,,,,,,,,,,,,,,,,,,,,,,,,,,,,,,,,,,,,,,,,,,,,,,,,,,,,,,,,,,,,,,,,,,,,,,,,,,,,,,,,,,,,,,,,,,,,,,,,,,,,,,,,,,,,,,,,,,,,,,,,,,,,,,,,,,,,,,,,,,,,,,,,,,,,,,,,,,,,,,,,,,,,,,,,,,,,,,,,,,,,,,,,,,,,,,,,,,,,,,,,,,,,,,,,,,,,,,,,,,,,,,,,,,,,,,,,,,,,,,,,
    Median/Mean ISI within Burst - Avg,0.660008,0.748877,0.610481,0.571129,0.612921,0.728431,0.723272,1.057354,0.79575,0.681424,0.748301,0.539153,0.717642,0.636689,0.574186,0.624768,0.667559,0.923521,0.642827, ,0.734357,0.610515,0.864248,0.684731,,,,,,,,,,,,,,,,,,,,,,,,,,,,,,,,,,,,,,,,,,,,,,,,,,,,,,,,,,,,,,,,,,,,,,,,,,,,,,,,,,,,,,,,,,,,,,,,,,,,,,,,,,,,,,,,,,,,,,,,,,,,,,,,,,,,,,,,,,,,,,,,,,,,,,,,,,,,,,,,,,,,,,,,,,,,,,,,,,,,,,,,,,,,,,,,,,,,,,,,,,,,,,,,,,,,,,,,,,,,,,,,,,,,,,,,,,,,,,,,,,,,,,,,,,,,,,,,,,,,,,,,,,,,,,,,,,,,,,,,,,,,,,,,,,,,,,,,,,,,,,,,,,,,,,,,,,,,,,,,,,,,,,,,,,,,,,,,,,,,,,,,,,,,,,,,,,,,,,,,
    Median/Mean ISI within Burst - Std,0.115163,0.047104,0.115926,0.353913,0.126728,0.077466,0.059633,0.199826,0.047716,0.099365,0.12308,0.14951,0.144243,0.073975,0.134042,0.100843,0.092886, ,0.103208, ,0.121101,0.080257,0.088957, ,,,,,,,,,,,,,,,,,,,,,,,,,,,,,,,,,,,,,,,,,,,,,,,,,,,,,,,,,,,,,,,,,,,,,,,,,,,,,,,,,,,,,,,,,,,,,,,,,,,,,,,,,,,,,,,,,,,,,,,,,,,,,,,,,,,,,,,,,,,,,,,,,,,,,,,,,,,,,,,,,,,,,,,,,,,,,,,,,,,,,,,,,,,,,,,,,,,,,,,,,,,,,,,,,,,,,,,,,,,,,,,,,,,,,,,,,,,,,,,,,,,,,,,,,,,,,,,,,,,,,,,,,,,,,,,,,,,,,,,,,,,,,,,,,,,,,,,,,,,,,,,,,,,,,,,,,,,,,,,,,,,,,,,,,,,,,,,,,,,,,,,,,,,,,,,,,,,,,,,,
    Inter-Burst Interval - Avg (sec),24.247046,13.279105,20.275132,244.437626,25.749246,13.674687,5.443856, ,7.915962,26.653423,42.048088,37.938499,27.124904,40.697038,11.637891,30.788658,42.921011,19.872951,11.719287, ,74.251971,21.580566,83.764944,12.559529,,,,,,,,,,,,,,,,,,,,,,,,,,,,,,,,,,,,,,,,,,,,,,,,,,,,,,,,,,,,,,,,,,,,,,,,,,,,,,,,,,,,,,,,,,,,,,,,,,,,,,,,,,,,,,,,,,,,,,,,,,,,,,,,,,,,,,,,,,,,,,,,,,,,,,,,,,,,,,,,,,,,,,,,,,,,,,,,,,,,,,,,,,,,,,,,,,,,,,,,,,,,,,,,,,,,,,,,,,,,,,,,,,,,,,,,,,,,,,,,,,,,,,,,,,,,,,,,,,,,,,,,,,,,,,,,,,,,,,,,,,,,,,,,,,,,,,,,,,,,,,,,,,,,,,,,,,,,,,,,,,,,,,,,,,,,,,,,,,,,,,,,,,,,,,,,,,,,,,,,
    Inter-Burst Interval - Std (sec),16.038313,10.879592,8.135824,330.62816,13.077787,14.310424,2.477084, ,10.248907,30.98073,13.846946,73.356216,24.285263,35.288157,9.732057,22.876743,31.856038,0,6.715743, ,110.966925,15.556672,0,0,,,,,,,,,,,,,,,,,,,,,,,,,,,,,,,,,,,,,,,,,,,,,,,,,,,,,,,,,,,,,,,,,,,,,,,,,,,,,,,,,,,,,,,,,,,,,,,,,,,,,,,,,,,,,,,,,,,,,,,,,,,,,,,,,,,,,,,,,,,,,,,,,,,,,,,,,,,,,,,,,,,,,,,,,,,,,,,,,,,,,,,,,,,,,,,,,,,,,,,,,,,,,,,,,,,,,,,,,,,,,,,,,,,,,,,,,,,,,,,,,,,,,,,,,,,,,,,,,,,,,,,,,,,,,,,,,,,,,,,,,,,,,,,,,,,,,,,,,,,,,,,,,,,,,,,,,,,,,,,,,,,,,,,,,,,,,,,,,,,,,,,,,,,,,,,,,,,,,,,,
    Burst Frequency - Avg (Hz),0.047048,0.229688,0.053184,0.032276,0.042154,0.352671,0.206177,0.001669,0.18197,0.108932,0.021077,0.108885,0.06964,0.038119,0.102949,0.041736,0.059766,0.016694,0.131145, ,0.057596,0.034057,0.004452,0.078464,,,,,,,,,,,,,,,,,,,,,,,,,,,,,,,,,,,,,,,,,,,,,,,,,,,,,,,,,,,,,,,,,,,,,,,,,,,,,,,,,,,,,,,,,,,,,,,,,,,,,,,,,,,,,,,,,,,,,,,,,,,,,,,,,,,,,,,,,,,,,,,,,,,,,,,,,,,,,,,,,,,,,,,,,,,,,,,,,,,,,,,,,,,,,,,,,,,,,,,,,,,,,,,,,,,,,,,,,,,,,,,,,,,,,,,,,,,,,,,,,,,,,,,,,,,,,,,,,,,,,,,,,,,,,,,,,,,,,,,,,,,,,,,,,,,,,,,,,,,,,,,,,,,,,,,,,,,,,,,,,,,,,,,,,,,,,,,,,,,,,,,,,,,,,,,,,,,,,,,,
    Burst Frequency - Std (Hz),0.034922,0.234146,0.013764,0.051573,0.015079,0.499226,0.093258,0,0.054731,0.159564,0.014023,0.131128,0.070873,0.022582,0.057356,0.021703,0.078583, ,0.128873, ,0.053683,0.022664,0.004819, ,,,,,,,,,,,,,,,,,,,,,,,,,,,,,,,,,,,,,,,,,,,,,,,,,,,,,,,,,,,,,,,,,,,,,,,,,,,,,,,,,,,,,,,,,,,,,,,,,,,,,,,,,,,,,,,,,,,,,,,,,,,,,,,,,,,,,,,,,,,,,,,,,,,,,,,,,,,,,,,,,,,,,,,,,,,,,,,,,,,,,,,,,,,,,,,,,,,,,,,,,,,,,,,,,,,,,,,,,,,,,,,,,,,,,,,,,,,,,,,,,,,,,,,,,,,,,,,,,,,,,,,,,,,,,,,,,,,,,,,,,,,,,,,,,,,,,,,,,,,,,,,,,,,,,,,,,,,,,,,,,,,,,,,,,,,,,,,,,,,,,,,,,,,,,,,,,,,,,,,,
    IBI Coefficient of Variation - Avg,1.027614,0.809906,0.718575,1.051626,0.95787,0.764481,0.871257, ,0.659268,0.778277,0.811614,0.758508,1.116079,1.105398,0.791247,0.956608,0.995947,1.211901,0.922426, ,0.805179,1.305075,0.656165,1.874016,,,,,,,,,,,,,,,,,,,,,,,,,,,,,,,,,,,,,,,,,,,,,,,,,,,,,,,,,,,,,,,,,,,,,,,,,,,,,,,,,,,,,,,,,,,,,,,,,,,,,,,,,,,,,,,,,,,,,,,,,,,,,,,,,,,,,,,,,,,,,,,,,,,,,,,,,,,,,,,,,,,,,,,,,,,,,,,,,,,,,,,,,,,,,,,,,,,,,,,,,,,,,,,,,,,,,,,,,,,,,,,,,,,,,,,,,,,,,,,,,,,,,,,,,,,,,,,,,,,,,,,,,,,,,,,,,,,,,,,,,,,,,,,,,,,,,,,,,,,,,,,,,,,,,,,,,,,,,,,,,,,,,,,,,,,,,,,,,,,,,,,,,,,,,,,,,,,,,,,,
    IBI Coefficient of Variation - Std,0.164986,0.094996,0.387852,0,0.256466,0.118269,0.153328, ,0.060115,0.293944,0.143606,0.20158,0.328292,0.499924,0.095048,0.184393,0.219669,0,0.134707, ,0.255125,0.08417,0,0,,,,,,,,,,,,,,,,,,,,,,,,,,,,,,,,,,,,,,,,,,,,,,,,,,,,,,,,,,,,,,,,,,,,,,,,,,,,,,,,,,,,,,,,,,,,,,,,,,,,,,,,,,,,,,,,,,,,,,,,,,,,,,,,,,,,,,,,,,,,,,,,,,,,,,,,,,,,,,,,,,,,,,,,,,,,,,,,,,,,,,,,,,,,,,,,,,,,,,,,,,,,,,,,,,,,,,,,,,,,,,,,,,,,,,,,,,,,,,,,,,,,,,,,,,,,,,,,,,,,,,,,,,,,,,,,,,,,,,,,,,,,,,,,,,,,,,,,,,,,,,,,,,,,,,,,,,,,,,,,,,,,,,,,,,,,,,,,,,,,,,,,,,,,,,,,,,,,,,,,
    Burst Percentage - Avg,51.230612,49.936037,81.94296,16.586444,35.36772,52.835109,14.571305,52.054795,83.605249,18.750904,21.946714,18.693221,27.322413,63.11438,50.052006,32.492377,35.940375,22.142857,43.377577, ,35.05515,36.370691,29.958755,93.972603,,,,,,,,,,,,,,,,,,,,,,,,,,,,,,,,,,,,,,,,,,,,,,,,,,,,,,,,,,,,,,,,,,,,,,,,,,,,,,,,,,,,,,,,,,,,,,,,,,,,,,,,,,,,,,,,,,,,,,,,,,,,,,,,,,,,,,,,,,,,,,,,,,,,,,,,,,,,,,,,,,,,,,,,,,,,,,,,,,,,,,,,,,,,,,,,,,,,,,,,,,,,,,,,,,,,,,,,,,,,,,,,,,,,,,,,,,,,,,,,,,,,,,,,,,,,,,,,,,,,,,,,,,,,,,,,,,,,,,,,,,,,,,,,,,,,,,,,,,,,,,,,,,,,,,,,,,,,,,,,,,,,,,,,,,,,,,,,,,,,,,,,,,,,,,,,,,,,,,,,
    Burst Percentage - Std,33.473739,25.929488,24.396855,36.406602,32.085296,29.308079,27.017178,55.463947,31.629431,24.518282,19.618512,15.03618,35.494068,37.798047,36.578015,43.173095,28.800212,44.285714,25.425219, ,30.998022,44.880952,41.092699, ,,,,,,,,,,,,,,,,,,,,,,,,,,,,,,,,,,,,,,,,,,,,,,,,,,,,,,,,,,,,,,,,,,,,,,,,,,,,,,,,,,,,,,,,,,,,,,,,,,,,,,,,,,,,,,,,,,,,,,,,,,,,,,,,,,,,,,,,,,,,,,,,,,,,,,,,,,,,,,,,,,,,,,,,,,,,,,,,,,,,,,,,,,,,,,,,,,,,,,,,,,,,,,,,,,,,,,,,,,,,,,,,,,,,,,,,,,,,,,,,,,,,,,,,,,,,,,,,,,,,,,,,,,,,,,,,,,,,,,,,,,,,,,,,,,,,,,,,,,,,,,,,,,,,,,,,,,,,,,,,,,,,,,,,,,,,,,,,,,,,,,,,,,,,,,,,,,,,,,,,
Network Burst Metrics,,,,,,,,,,,,,,,,,,,,,,,,,,,,,,,,,,,,,,,,,,,,,,,,,,,,,,,,,,,,,,,,,,,,,,,,,,,,,,,,,,,,,,,,,,,,,,,,,,,,,,,,,,,,,,,,,,,,,,,,,,,,,,,,,,,,,,,,,,,,,,,,,,,,,,,,,,,,,,,,,,,,,,,,,,,,,,,,,,,,,,,,,,,,,,,,,,,,,,,,,,,,,,,,,,,,,,,,,,,,,,,,,,,,,,,,,,,,,,,,,,,,,,,,,,,,,,,,,,,,,,,,,,,,,,,,,,,,,,,,,,,,,,,,,,,,,,,,,,,,,,,,,,,,,,,,,,,,,,,,,,,,,,,,,,,,,,,,,,,,,,,,,,,,,,,,,,,,,,,,,,,,,,,,,,,,,,,,,,,,,,,,
    Number of Network Bursts,28,118,34,0,0,79,2,0,115,15,8,26,37,11,0,0,0,0,51,0,18,12,0,0,,,,,,,,,,,,,,,,,,,,,,,,,,,,,,,,,,,,,,,,,,,,,,,,,,,,,,,,,,,,,,,,,,,,,,,,,,,,,,,,,,,,,,,,,,,,,,,,,,,,,,,,,,,,,,,,,,,,,,,,,,,,,,,,,,,,,,,,,,,,,,,,,,,,,,,,,,,,,,,,,,,,,,,,,,,,,,,,,,,,,,,,,,,,,,,,,,,,,,,,,,,,,,,,,,,,,,,,,,,,,,,,,,,,,,,,,,,,,,,,,,,,,,,,,,,,,,,,,,,,,,,,,,,,,,,,,,,,,,,,,,,,,,,,,,,,,,,,,,,,,,,,,,,,,,,,,,,,,,,,,,,,,,,,,,,,,,,,,,,,,,,,,,,,,,,,,,,,,,,,
    Network Burst Frequency,0.046745,0.196995,0.056761, , ,0.131886,0.003339, ,0.191987,0.025042,0.013356,0.043406,0.06177,0.018364, , , , ,0.085142, ,0.03005,0.020033, , ,,,,,,,,,,,,,,,,,,,,,,,,,,,,,,,,,,,,,,,,,,,,,,,,,,,,,,,,,,,,,,,,,,,,,,,,,,,,,,,,,,,,,,,,,,,,,,,,,,,,,,,,,,,,,,,,,,,,,,,,,,,,,,,,,,,,,,,,,,,,,,,,,,,,,,,,,,,,,,,,,,,,,,,,,,,,,,,,,,,,,,,,,,,,,,,,,,,,,,,,,,,,,,,,,,,,,,,,,,,,,,,,,,,,,,,,,,,,,,,,,,,,,,,,,,,,,,,,,,,,,,,,,,,,,,,,,,,,,,,,,,,,,,,,,,,,,,,,,,,,,,,,,,,,,,,,,,,,,,,,,,,,,,,,,,,,,,,,,,,,,,,,,,,,,,,,,,,,,,,,
    Network Burst Duration - Avg (sec),0.3451,0.215508,0.209932, , ,0.159341,0.67, ,0.16122,0.318133,0.16453,0.398434,0.222331,0.640996, , , , ,0.295305, ,0.375058,0.308747, , ,,,,,,,,,,,,,,,,,,,,,,,,,,,,,,,,,,,,,,,,,,,,,,,,,,,,,,,,,,,,,,,,,,,,,,,,,,,,,,,,,,,,,,,,,,,,,,,,,,,,,,,,,,,,,,,,,,,,,,,,,,,,,,,,,,,,,,,,,,,,,,,,,,,,,,,,,,,,,,,,,,,,,,,,,,,,,,,,,,,,,,,,,,,,,,,,,,,,,,,,,,,,,,,,,,,,,,,,,,,,,,,,,,,,,,,,,,,,,,,,,,,,,,,,,,,,,,,,,,,,,,,,,,,,,,,,,,,,,,,,,,,,,,,,,,,,,,,,,,,,,,,,,,,,,,,,,,,,,,,,,,,,,,,,,,,,,,,,,,,,,,,,,,,,,,,,,,,,,,,,
    Network Burst Duration - Std (sec),0.232758,0.238934,0.079674, , ,0.128334,0.728603, ,0.301032,0.122602,0.084431,0.224292,0.161128,0.336851, , , , ,0.111883, ,0.218606,0.244072, , ,,,,,,,,,,,,,,,,,,,,,,,,,,,,,,,,,,,,,,,,,,,,,,,,,,,,,,,,,,,,,,,,,,,,,,,,,,,,,,,,,,,,,,,,,,,,,,,,,,,,,,,,,,,,,,,,,,,,,,,,,,,,,,,,,,,,,,,,,,,,,,,,,,,,,,,,,,,,,,,,,,,,,,,,,,,,,,,,,,,,,,,,,,,,,,,,,,,,,,,,,,,,,,,,,,,,,,,,,,,,,,,,,,,,,,,,,,,,,,,,,,,,,,,,,,,,,,,,,,,,,,,,,,,,,,,,,,,,,,,,,,,,,,,,,,,,,,,,,,,,,,,,,,,,,,,,,,,,,,,,,,,,,,,,,,,,,,,,,,,,,,,,,,,,,,,,,,,,,,,,
    Number of Spikes per Network Burst - Avg,232.142857,108.389831,307.352941, , ,91.531646,168.5, ,213.304348,113.533333,65.625,109.769231,94,264.727273, , , , ,119.607843, ,89.5,120.25, , ,,,,,,,,,,,,,,,,,,,,,,,,,,,,,,,,,,,,,,,,,,,,,,,,,,,,,,,,,,,,,,,,,,,,,,,,,,,,,,,,,,,,,,,,,,,,,,,,,,,,,,,,,,,,,,,,,,,,,,,,,,,,,,,,,,,,,,,,,,,,,,,,,,,,,,,,,,,,,,,,,,,,,,,,,,,,,,,,,,,,,,,,,,,,,,,,,,,,,,,,,,,,,,,,,,,,,,,,,,,,,,,,,,,,,,,,,,,,,,,,,,,,,,,,,,,,,,,,,,,,,,,,,,,,,,,,,,,,,,,,,,,,,,,,,,,,,,,,,,,,,,,,,,,,,,,,,,,,,,,,,,,,,,,,,,,,,,,,,,,,,,,,,,,,,,,,,,,,,,,,
    Number of Spikes per Network Burst - Std,145.058536,92.082927,82.373827, , ,47.960677,149.199531, ,212.037243,30.135093,14.480899,43.135422,66.151762,178.313259, , , , ,34.720644, ,58.240122,74.35801, , ,,,,,,,,,,,,,,,,,,,,,,,,,,,,,,,,,,,,,,,,,,,,,,,,,,,,,,,,,,,,,,,,,,,,,,,,,,,,,,,,,,,,,,,,,,,,,,,,,,,,,,,,,,,,,,,,,,,,,,,,,,,,,,,,,,,,,,,,,,,,,,,,,,,,,,,,,,,,,,,,,,,,,,,,,,,,,,,,,,,,,,,,,,,,,,,,,,,,,,,,,,,,,,,,,,,,,,,,,,,,,,,,,,,,,,,,,,,,,,,,,,,,,,,,,,,,,,,,,,,,,,,,,,,,,,,,,,,,,,,,,,,,,,,,,,,,,,,,,,,,,,,,,,,,,,,,,,,,,,,,,,,,,,,,,,,,,,,,,,,,,,,,,,,,,,,,,,,,,,,,
    Mean ISI within Network Burst - Avg (sec),0.001495,0.002551,0.000686, , ,0.001899,0.003419, ,0.000737,0.002888,0.002495,0.003878,0.002624,0.002838, , , , ,0.002738, ,0.004471,0.002447, , ,,,,,,,,,,,,,,,,,,,,,,,,,,,,,,,,,,,,,,,,,,,,,,,,,,,,,,,,,,,,,,,,,,,,,,,,,,,,,,,,,,,,,,,,,,,,,,,,,,,,,,,,,,,,,,,,,,,,,,,,,,,,,,,,,,,,,,,,,,,,,,,,,,,,,,,,,,,,,,,,,,,,,,,,,,,,,,,,,,,,,,,,,,,,,,,,,,,,,,,,,,,,,,,,,,,,,,,,,,,,,,,,,,,,,,,,,,,,,,,,,,,,,,,,,,,,,,,,,,,,,,,,,,,,,,,,,,,,,,,,,,,,,,,,,,,,,,,,,,,,,,,,,,,,,,,,,,,,,,,,,,,,,,,,,,,,,,,,,,,,,,,,,,,,,,,,,,,,,,,,
    Mean ISI within Network Burst - Std (sec),0.00055,0.002779,0.000154, , ,0.001621,0.001304, ,0.001403,0.001063,0.001007,0.00214,0.001484,0.001585, , , , ,0.001641, ,0.002369,0.000435, , ,,,,,,,,,,,,,,,,,,,,,,,,,,,,,,,,,,,,,,,,,,,,,,,,,,,,,,,,,,,,,,,,,,,,,,,,,,,,,,,,,,,,,,,,,,,,,,,,,,,,,,,,,,,,,,,,,,,,,,,,,,,,,,,,,,,,,,,,,,,,,,,,,,,,,,,,,,,,,,,,,,,,,,,,,,,,,,,,,,,,,,,,,,,,,,,,,,,,,,,,,,,,,,,,,,,,,,,,,,,,,,,,,,,,,,,,,,,,,,,,,,,,,,,,,,,,,,,,,,,,,,,,,,,,,,,,,,,,,,,,,,,,,,,,,,,,,,,,,,,,,,,,,,,,,,,,,,,,,,,,,,,,,,,,,,,,,,,,,,,,,,,,,,,,,,,,,,,,,,,,
    Median ISI within Network Burst - Avg (sec),0.000519,0.000844,0.000341, , ,0.000804,0.00192, ,0.000273,0.001059,0.00114,0.001422,0.001404,0.001353, , , , ,0.001353, ,0.001462,0.001633, , ,,,,,,,,,,,,,,,,,,,,,,,,,,,,,,,,,,,,,,,,,,,,,,,,,,,,,,,,,,,,,,,,,,,,,,,,,,,,,,,,,,,,,,,,,,,,,,,,,,,,,,,,,,,,,,,,,,,,,,,,,,,,,,,,,,,,,,,,,,,,,,,,,,,,,,,,,,,,,,,,,,,,,,,,,,,,,,,,,,,,,,,,,,,,,,,,,,,,,,,,,,,,,,,,,,,,,,,,,,,,,,,,,,,,,,,,,,,,,,,,,,,,,,,,,,,,,,,,,,,,,,,,,,,,,,,,,,,,,,,,,,,,,,,,,,,,,,,,,,,,,,,,,,,,,,,,,,,,,,,,,,,,,,,,,,,,,,,,,,,,,,,,,,,,,,,,,,,,,,,,
    Median ISI within Network Burst - Std (sec),0.000065,0.00108,0.000036, , ,0.000425,0.000226, ,0.000244,0.000295,0.000339,0.000681,0.000537,0.000413, , , , ,0.000473, ,0.000851,0.000162, , ,,,,,,,,,,,,,,,,,,,,,,,,,,,,,,,,,,,,,,,,,,,,,,,,,,,,,,,,,,,,,,,,,,,,,,,,,,,,,,,,,,,,,,,,,,,,,,,,,,,,,,,,,,,,,,,,,,,,,,,,,,,,,,,,,,,,,,,,,,,,,,,,,,,,,,,,,,,,,,,,,,,,,,,,,,,,,,,,,,,,,,,,,,,,,,,,,,,,,,,,,,,,,,,,,,,,,,,,,,,,,,,,,,,,,,,,,,,,,,,,,,,,,,,,,,,,,,,,,,,,,,,,,,,,,,,,,,,,,,,,,,,,,,,,,,,,,,,,,,,,,,,,,,,,,,,,,,,,,,,,,,,,,,,,,,,,,,,,,,,,,,,,,,,,,,,,,,,,,,,,
    Median/Mean ISI within Network Burst - Avg,0.376307,0.379853,0.514388, , ,0.529385,0.592009, ,0.481655,0.382782,0.480229,0.4016,0.605073,0.516279, , , , ,0.558292, ,0.35585,0.687, , ,,,,,,,,,,,,,,,,,,,,,,,,,,,,,,,,,,,,,,,,,,,,,,,,,,,,,,,,,,,,,,,,,,,,,,,,,,,,,,,,,,,,,,,,,,,,,,,,,,,,,,,,,,,,,,,,,,,,,,,,,,,,,,,,,,,,,,,,,,,,,,,,,,,,,,,,,,,,,,,,,,,,,,,,,,,,,,,,,,,,,,,,,,,,,,,,,,,,,,,,,,,,,,,,,,,,,,,,,,,,,,,,,,,,,,,,,,,,,,,,,,,,,,,,,,,,,,,,,,,,,,,,,,,,,,,,,,,,,,,,,,,,,,,,,,,,,,,,,,,,,,,,,,,,,,,,,,,,,,,,,,,,,,,,,,,,,,,,,,,,,,,,,,,,,,,,,,,,,,,,
    Median/Mean ISI within Network Burst - Std,0.099771,0.158646,0.093755, , ,0.185414,0.159665, ,0.161709,0.089021,0.10018,0.137178,0.18812,0.096733, , , , ,0.178609, ,0.135699,0.136911, , ,,,,,,,,,,,,,,,,,,,,,,,,,,,,,,,,,,,,,,,,,,,,,,,,,,,,,,,,,,,,,,,,,,,,,,,,,,,,,,,,,,,,,,,,,,,,,,,,,,,,,,,,,,,,,,,,,,,,,,,,,,,,,,,,,,,,,,,,,,,,,,,,,,,,,,,,,,,,,,,,,,,,,,,,,,,,,,,,,,,,,,,,,,,,,,,,,,,,,,,,,,,,,,,,,,,,,,,,,,,,,,,,,,,,,,,,,,,,,,,,,,,,,,,,,,,,,,,,,,,,,,,,,,,,,,,,,,,,,,,,,,,,,,,,,,,,,,,,,,,,,,,,,,,,,,,,,,,,,,,,,,,,,,,,,,,,,,,,,,,,,,,,,,,,,,,,,,,,,,,,
    Number of Elecs Participating in Burst - Avg,12.035714,10.161017,13.676471, , ,7.772152,6, ,14.495652,9.866667,8,8.230769,7.810811,6.090909, , , , ,8.215686, ,7.944444,6.5, , ,,,,,,,,,,,,,,,,,,,,,,,,,,,,,,,,,,,,,,,,,,,,,,,,,,,,,,,,,,,,,,,,,,,,,,,,,,,,,,,,,,,,,,,,,,,,,,,,,,,,,,,,,,,,,,,,,,,,,,,,,,,,,,,,,,,,,,,,,,,,,,,,,,,,,,,,,,,,,,,,,,,,,,,,,,,,,,,,,,,,,,,,,,,,,,,,,,,,,,,,,,,,,,,,,,,,,,,,,,,,,,,,,,,,,,,,,,,,,,,,,,,,,,,,,,,,,,,,,,,,,,,,,,,,,,,,,,,,,,,,,,,,,,,,,,,,,,,,,,,,,,,,,,,,,,,,,,,,,,,,,,,,,,,,,,,,,,,,,,,,,,,,,,,,,,,,,,,,,,,,
    Number of Elecs Participating in Burst - Std,0.961563,1.552337,0.726994, , ,0.83127,0, ,0.911659,1.355764,0.534522,0.815239,1.524573,0.301511, , , , ,0.878948, ,0.937595,0.522233, , ,,,,,,,,,,,,,,,,,,,,,,,,,,,,,,,,,,,,,,,,,,,,,,,,,,,,,,,,,,,,,,,,,,,,,,,,,,,,,,,,,,,,,,,,,,,,,,,,,,,,,,,,,,,,,,,,,,,,,,,,,,,,,,,,,,,,,,,,,,,,,,,,,,,,,,,,,,,,,,,,,,,,,,,,,,,,,,,,,,,,,,,,,,,,,,,,,,,,,,,,,,,,,,,,,,,,,,,,,,,,,,,,,,,,,,,,,,,,,,,,,,,,,,,,,,,,,,,,,,,,,,,,,,,,,,,,,,,,,,,,,,,,,,,,,,,,,,,,,,,,,,,,,,,,,,,,,,,,,,,,,,,,,,,,,,,,,,,,,,,,,,,,,,,,,,,,,,,,,,,,
    Number of Spikes per Network Burst per Channel - Avg,18.906298,10.212161,22.462713, , ,11.569244,28.083333, ,14.650879,11.611816,8.224206,13.392674,11.753719,43.84632, , , , ,14.609602, ,11.25474,18.34127, , ,,,,,,,,,,,,,,,,,,,,,,,,,,,,,,,,,,,,,,,,,,,,,,,,,,,,,,,,,,,,,,,,,,,,,,,,,,,,,,,,,,,,,,,,,,,,,,,,,,,,,,,,,,,,,,,,,,,,,,,,,,,,,,,,,,,,,,,,,,,,,,,,,,,,,,,,,,,,,,,,,,,,,,,,,,,,,,,,,,,,,,,,,,,,,,,,,,,,,,,,,,,,,,,,,,,,,,,,,,,,,,,,,,,,,,,,,,,,,,,,,,,,,,,,,,,,,,,,,,,,,,,,,,,,,,,,,,,,,,,,,,,,,,,,,,,,,,,,,,,,,,,,,,,,,,,,,,,,,,,,,,,,,,,,,,,,,,,,,,,,,,,,,,,,,,,,,,,,,,,,
    Number of Spikes per Network Burst per Channel - Std,10.934363,7.312971,5.611753, , ,5.153729,24.866588, ,14.437109,3.132686,1.825103,5.268995,6.210462,29.965395, , , , ,4.3219, ,7.161033,10.366408, , ,,,,,,,,,,,,,,,,,,,,,,,,,,,,,,,,,,,,,,,,,,,,,,,,,,,,,,,,,,,,,,,,,,,,,,,,,,,,,,,,,,,,,,,,,,,,,,,,,,,,,,,,,,,,,,,,,,,,,,,,,,,,,,,,,,,,,,,,,,,,,,,,,,,,,,,,,,,,,,,,,,,,,,,,,,,,,,,,,,,,,,,,,,,,,,,,,,,,,,,,,,,,,,,,,,,,,,,,,,,,,,,,,,,,,,,,,,,,,,,,,,,,,,,,,,,,,,,,,,,,,,,,,,,,,,,,,,,,,,,,,,,,,,,,,,,,,,,,,,,,,,,,,,,,,,,,,,,,,,,,,,,,,,,,,,,,,,,,,,,,,,,,,,,,,,,,,,,,,,,,
    Network Burst Percentage,73.72122,50.306797,88.34221, , ,30.720537,8.527328, ,98.502188,18.82392,15.913913,16.086123,57.335971,69.815392, , , , ,30.495426, ,38.688761,50.774103, , ,,,,,,,,,,,,,,,,,,,,,,,,,,,,,,,,,,,,,,,,,,,,,,,,,,,,,,,,,,,,,,,,,,,,,,,,,,,,,,,,,,,,,,,,,,,,,,,,,,,,,,,,,,,,,,,,,,,,,,,,,,,,,,,,,,,,,,,,,,,,,,,,,,,,,,,,,,,,,,,,,,,,,,,,,,,,,,,,,,,,,,,,,,,,,,,,,,,,,,,,,,,,,,,,,,,,,,,,,,,,,,,,,,,,,,,,,,,,,,,,,,,,,,,,,,,,,,,,,,,,,,,,,,,,,,,,,,,,,,,,,,,,,,,,,,,,,,,,,,,,,,,,,,,,,,,,,,,,,,,,,,,,,,,,,,,,,,,,,,,,,,,,,,,,,,,,,,,,,,,,
    Network IBI Coefficient of Variation,0.842523,0.842589,0.565357, , ,0.607428, , ,0.558384,0.789753,0.709949,0.778589,1.001136,0.851007, , , , ,0.832927, ,0.889394,1.400653, , ,,,,,,,,,,,,,,,,,,,,,,,,,,,,,,,,,,,,,,,,,,,,,,,,,,,,,,,,,,,,,,,,,,,,,,,,,,,,,,,,,,,,,,,,,,,,,,,,,,,,,,,,,,,,,,,,,,,,,,,,,,,,,,,,,,,,,,,,,,,,,,,,,,,,,,,,,,,,,,,,,,,,,,,,,,,,,,,,,,,,,,,,,,,,,,,,,,,,,,,,,,,,,,,,,,,,,,,,,,,,,,,,,,,,,,,,,,,,,,,,,,,,,,,,,,,,,,,,,,,,,,,,,,,,,,,,,,,,,,,,,,,,,,,,,,,,,,,,,,,,,,,,,,,,,,,,,,,,,,,,,,,,,,,,,,,,,,,,,,,,,,,,,,,,,,,,,,,,,,,,
    Network Normalized Duration IQR,0.885842,1.061282,0.260569, , ,1.245503, , ,1.028778,0.441299,0.5673,0.491973,0.481456,0.601563, , , , ,0.566017, ,1.089624,0.344156, , ,,,,,,,,,,,,,,,,,,,,,,,,,,,,,,,,,,,,,,,,,,,,,,,,,,,,,,,,,,,,,,,,,,,,,,,,,,,,,,,,,,,,,,,,,,,,,,,,,,,,,,,,,,,,,,,,,,,,,,,,,,,,,,,,,,,,,,,,,,,,,,,,,,,,,,,,,,,,,,,,,,,,,,,,,,,,,,,,,,,,,,,,,,,,,,,,,,,,,,,,,,,,,,,,,,,,,,,,,,,,,,,,,,,,,,,,,,,,,,,,,,,,,,,,,,,,,,,,,,,,,,,,,,,,,,,,,,,,,,,,,,,,,,,,,,,,,,,,,,,,,,,,,,,,,,,,,,,,,,,,,,,,,,,,,,,,,,,,,,,,,,,,,,,,,,,,,,,,,,,,
Synchrony Metrics,,,,,,,,,,,,,,,,,,,,,,,,,,,,,,,,,,,,,,,,,,,,,,,,,,,,,,,,,,,,,,,,,,,,,,,,,,,,,,,,,,,,,,,,,,,,,,,,,,,,,,,,,,,,,,,,,,,,,,,,,,,,,,,,,,,,,,,,,,,,,,,,,,,,,,,,,,,,,,,,,,,,,,,,,,,,,,,,,,,,,,,,,,,,,,,,,,,,,,,,,,,,,,,,,,,,,,,,,,,,,,,,,,,,,,,,,,,,,,,,,,,,,,,,,,,,,,,,,,,,,,,,,,,,,,,,,,,,,,,,,,,,,,,,,,,,,,,,,,,,,,,,,,,,,,,,,,,,,,,,,,,,,,,,,,,,,,,,,,,,,,,,,,,,,,,,,,,,,,,,,,,,,,,,,,,,,,,,,,,,,,,,
    Area Under Normalized Cross-Correlation,0.332606,0.385018,0.479268,0.014859,0.125386,0.194947,0.074059,0.021516,0.730799,0.200287,0.143358,0.137647,0.15453,0.155466,0.057564,0.056025,0.047143,0.000002,0.142393,0,0.214927,0.101322,0.044005,0,,,,,,,,,,,,,,,,,,,,,,,,,,,,,,,,,,,,,,,,,,,,,,,,,,,,,,,,,,,,,,,,,,,,,,,,,,,,,,,,,,,,,,,,,,,,,,,,,,,,,,,,,,,,,,,,,,,,,,,,,,,,,,,,,,,,,,,,,,,,,,,,,,,,,,,,,,,,,,,,,,,,,,,,,,,,,,,,,,,,,,,,,,,,,,,,,,,,,,,,,,,,,,,,,,,,,,,,,,,,,,,,,,,,,,,,,,,,,,,,,,,,,,,,,,,,,,,,,,,,,,,,,,,,,,,,,,,,,,,,,,,,,,,,,,,,,,,,,,,,,,,,,,,,,,,,,,,,,,,,,,,,,,,,,,,,,,,,,,,,,,,,,,,,,,,,,,,,,,,,
    Area Under Cross-Correlation,1.918865,6.184558,5.298637,0.015888,0.047385,2.685239,0.124569,0.000612,15.180704,0.664594,0.130579,0.808681,0.567418,0.457095,0.055022,0.023915,0.062423,0,1.338689,0,0.397454,0.201614,0.001363,0,,,,,,,,,,,,,,,,,,,,,,,,,,,,,,,,,,,,,,,,,,,,,,,,,,,,,,,,,,,,,,,,,,,,,,,,,,,,,,,,,,,,,,,,,,,,,,,,,,,,,,,,,,,,,,,,,,,,,,,,,,,,,,,,,,,,,,,,,,,,,,,,,,,,,,,,,,,,,,,,,,,,,,,,,,,,,,,,,,,,,,,,,,,,,,,,,,,,,,,,,,,,,,,,,,,,,,,,,,,,,,,,,,,,,,,,,,,,,,,,,,,,,,,,,,,,,,,,,,,,,,,,,,,,,,,,,,,,,,,,,,,,,,,,,,,,,,,,,,,,,,,,,,,,,,,,,,,,,,,,,,,,,,,,,,,,,,,,,,,,,,,,,,,,,,,,,,,,,,,,
    Full Width at Half Height of Normalized Cross-Correlation,10,16,16,18,18,10,9,17,16,11,21,4,9,23,6,7,14,2,9, ,13,5,5, ,,,,,,,,,,,,,,,,,,,,,,,,,,,,,,,,,,,,,,,,,,,,,,,,,,,,,,,,,,,,,,,,,,,,,,,,,,,,,,,,,,,,,,,,,,,,,,,,,,,,,,,,,,,,,,,,,,,,,,,,,,,,,,,,,,,,,,,,,,,,,,,,,,,,,,,,,,,,,,,,,,,,,,,,,,,,,,,,,,,,,,,,,,,,,,,,,,,,,,,,,,,,,,,,,,,,,,,,,,,,,,,,,,,,,,,,,,,,,,,,,,,,,,,,,,,,,,,,,,,,,,,,,,,,,,,,,,,,,,,,,,,,,,,,,,,,,,,,,,,,,,,,,,,,,,,,,,,,,,,,,,,,,,,,,,,,,,,,,,,,,,,,,,,,,,,,,,,,,,,,
    Full Width at Half Height of Cross-Correlation,38,44,119,55,27,37,19,17,41,24,38,13,48,116,19,59,45,2,18, ,32,97,8, ,,,,,,,,,,,,,,,,,,,,,,,,,,,,,,,,,,,,,,,,,,,,,,,,,,,,,,,,,,,,,,,,,,,,,,,,,,,,,,,,,,,,,,,,,,,,,,,,,,,,,,,,,,,,,,,,,,,,,,,,,,,,,,,,,,,,,,,,,,,,,,,,,,,,,,,,,,,,,,,,,,,,,,,,,,,,,,,,,,,,,,,,,,,,,,,,,,,,,,,,,,,,,,,,,,,,,,,,,,,,,,,,,,,,,,,,,,,,,,,,,,,,,,,,,,,,,,,,,,,,,,,,,,,,,,,,,,,,,,,,,,,,,,,,,,,,,,,,,,,,,,,,,,,,,,,,,,,,,,,,,,,,,,,,,,,,,,,,,,,,,,,,,,,,,,,,,,,,,,,,
    Synchrony Index,0.598114,0.504325,0.672377,0.103646,0.222039,0.526581,0.217064,0.237206,0.788551,0.19724,0.213262,0.252092,0.206858,0.379951,0.218652,0.186572,0.161808,0,0.282264,0,0.264609,0.198295,0.201179,0,,,,,,,,,,,,,,,,,,,,,,,,,,,,,,,,,,,,,,,,,,,,,,,,,,,,,,,,,,,,,,,,,,,,,,,,,,,,,,,,,,,,,,,,,,,,,,,,,,,,,,,,,,,,,,,,,,,,,,,,,,,,,,,,,,,,,,,,,,,,,,,,,,,,,,,,,,,,,,,,,,,,,,,,,,,,,,,,,,,,,,,,,,,,,,,,,,,,,,,,,,,,,,,,,,,,,,,,,,,,,,,,,,,,,,,,,,,,,,,,,,,,,,,,,,,,,,,,,,,,,,,,,,,,,,,,,,,,,,,,,,,,,,,,,,,,,,,,,,,,,,,,,,,,,,,,,,,,,,,,,,,,,,,,,,,,,,,,,,,,,,,,,,,,,,,,,,,,,,,,
    Kreuz SPIKE Distance, , , , , , , , , , , , , , , , , , , , , , , , ,,,,,,,,,,,,,,,,,,,,,,,,,,,,,,,,,,,,,,,,,,,,,,,,,,,,,,,,,,,,,,,,,,,,,,,,,,,,,,,,,,,,,,,,,,,,,,,,,,,,,,,,,,,,,,,,,,,,,,,,,,,,,,,,,,,,,,,,,,,,,,,,,,,,,,,,,,,,,,,,,,,,,,,,,,,,,,,,,,,,,,,,,,,,,,,,,,,,,,,,,,,,,,,,,,,,,,,,,,,,,,,,,,,,,,,,,,,,,,,,,,,,,,,,,,,,,,,,,,,,,,,,,,,,,,,,,,,,,,,,,,,,,,,,,,,,,,,,,,,,,,,,,,,,,,,,,,,,,,,,,,,,,,,,,,,,,,,,,,,,,,,,,,,,,,,,,,,,,,,,
Average Network Burst Metrics,,,,,,,,,,,,,,,,,,,,,,,,,,,,,,,,,,,,,,,,,,,,,,,,,,,,,,,,,,,,,,,,,,,,,,,,,,,,,,,,,,,,,,,,,,,,,,,,,,,,,,,,,,,,,,,,,,,,,,,,,,,,,,,,,,,,,,,,,,,,,,,,,,,,,,,,,,,,,,,,,,,,,,,,,,,,,,,,,,,,,,,,,,,,,,,,,,,,,,,,,,,,,,,,,,,,,,,,,,,,,,,,,,,,,,,,,,,,,,,,,,,,,,,,,,,,,,,,,,,,,,,,,,,,,,,,,,,,,,,,,,,,,,,,,,,,,,,,,,,,,,,,,,,,,,,,,,,,,,,,,,,,,,,,,,,,,,,,,,,,,,,,,,,,,,,,,,,,,,,,,,,,,,,,,,,,,,,,,,,,,,,,
    Start Electrode,34,11,14, , ,22,33, ,43,34,13,14,43,11, , , , ,24, ,33,43, , ,,,,,,,,,,,,,,,,,,,,,,,,,,,,,,,,,,,,,,,,,,,,,,,,,,,,,,,,,,,,,,,,,,,,,,,,,,,,,,,,,,,,,,,,,,,,,,,,,,,,,,,,,,,,,,,,,,,,,,,,,,,,,,,,,,,,,,,,,,,,,,,,,,,,,,,,,,,,,,,,,,,,,,,,,,,,,,,,,,,,,,,,,,,,,,,,,,,,,,,,,,,,,,,,,,,,,,,,,,,,,,,,,,,,,,,,,,,,,,,,,,,,,,,,,,,,,,,,,,,,,,,,,,,,,,,,,,,,,,,,,,,,,,,,,,,,,,,,,,,,,,,,,,,,,,,,,,,,,,,,,,,,,,,,,,,,,,,,,,,,,,,,,,,,,,,,,,,,,,,,
    Percent Bursts with Start Electrode,60.714286,27.966102,35.294118, , ,60.759494,50, ,40,40,37.5,65.384615,51.351351,45.454545, , , , ,41.176471, ,27.777778,66.666667, , ,,,,,,,,,,,,,,,,,,,,,,,,,,,,,,,,,,,,,,,,,,,,,,,,,,,,,,,,,,,,,,,,,,,,,,,,,,,,,,,,,,,,,,,,,,,,,,,,,,,,,,,,,,,,,,,,,,,,,,,,,,,,,,,,,,,,,,,,,,,,,,,,,,,,,,,,,,,,,,,,,,,,,,,,,,,,,,,,,,,,,,,,,,,,,,,,,,,,,,,,,,,,,,,,,,,,,,,,,,,,,,,,,,,,,,,,,,,,,,,,,,,,,,,,,,,,,,,,,,,,,,,,,,,,,,,,,,,,,,,,,,,,,,,,,,,,,,,,,,,,,,,,,,,,,,,,,,,,,,,,,,,,,,,,,,,,,,,,,,,,,,,,,,,,,,,,,,,,,,,,
    Burst Peak (Max Spikes per sec),1821.428571,1076.271186,2441.176471, , ,1189.873418,2000, ,3765.217391,1066.666667,1000,384.615385,783.783784,1363.636364, , , , ,1098.039216, ,611.111111,1000, , ,,,,,,,,,,,,,,,,,,,,,,,,,,,,,,,,,,,,,,,,,,,,,,,,,,,,,,,,,,,,,,,,,,,,,,,,,,,,,,,,,,,,,,,,,,,,,,,,,,,,,,,,,,,,,,,,,,,,,,,,,,,,,,,,,,,,,,,,,,,,,,,,,,,,,,,,,,,,,,,,,,,,,,,,,,,,,,,,,,,,,,,,,,,,,,,,,,,,,,,,,,,,,,,,,,,,,,,,,,,,,,,,,,,,,,,,,,,,,,,,,,,,,,,,,,,,,,,,,,,,,,,,,,,,,,,,,,,,,,,,,,,,,,,,,,,,,,,,,,,,,,,,,,,,,,,,,,,,,,,,,,,,,,,,,,,,,,,,,,,,,,,,,,,,,,,,,,,,,,,,
    Time to Burst Peak (ms),64.5,22.5,84.5, , ,34.5,15.5, ,18.5,88.5,38.5,2.5,76.5,23.5, , , , ,5.5, ,16.5,56.5, , ,,,,,,,,,,,,,,,,,,,,,,,,,,,,,,,,,,,,,,,,,,,,,,,,,,,,,,,,,,,,,,,,,,,,,,,,,,,,,,,,,,,,,,,,,,,,,,,,,,,,,,,,,,,,,,,,,,,,,,,,,,,,,,,,,,,,,,,,,,,,,,,,,,,,,,,,,,,,,,,,,,,,,,,,,,,,,,,,,,,,,,,,,,,,,,,,,,,,,,,,,,,,,,,,,,,,,,,,,,,,,,,,,,,,,,,,,,,,,,,,,,,,,,,,,,,,,,,,,,,,,,,,,,,,,,,,,,,,,,,,,,,,,,,,,,,,,,,,,,,,,,,,,,,,,,,,,,,,,,,,,,,,,,,,,,,,,,,,,,,,,,,,,,,,,,,,,,,,,,,,
Viability Metrics,,,,,,,,,,,,,,,,,,,,,,,,,,,,,,,,,,,,,,,,,,,,,,,,,,,,,,,,,,,,,,,,,,,,,,,,,,,,,,,,,,,,,,,,,,,,,,,,,,,,,,,,,,,,,,,,,,,,,,,,,,,,,,,,,,,,,,,,,,,,,,,,,,,,,,,,,,,,,,,,,,,,,,,,,,,,,,,,,,,,,,,,,,,,,,,,,,,,,,,,,,,,,,,,,,,,,,,,,,,,,,,,,,,,,,,,,,,,,,,,,,,,,,,,,,,,,,,,,,,,,,,,,,,,,,,,,,,,,,,,,,,,,,,,,,,,,,,,,,,,,,,,,,,,,,,,,,,,,,,,,,,,,,,,,,,,,,,,,,,,,,,,,,,,,,,,,,,,,,,,,,,,,,,,,,,,,,,,,,,,,,,,
    Resistance - Avg (kOhms),14.978265,23.867294,21.731546,10.739982,10.656935,15.375092,14.486382,13.741342,31.977209,24.298009,15.695101,27.426566,20.665375,20.912065,20.188897,19.048206,24.41669,14.316516,23.804396,9.696149,22.828392,17.212376,17.536563,10.970903,,,,,,,,,,,,,,,,,,,,,,,,,,,,,,,,,,,,,,,,,,,,,,,,,,,,,,,,,,,,,,,,,,,,,,,,,,,,,,,,,,,,,,,,,,,,,,,,,,,,,,,,,,,,,,,,,,,,,,,,,,,,,,,,,,,,,,,,,,,,,,,,,,,,,,,,,,,,,,,,,,,,,,,,,,,,,,,,,,,,,,,,,,,,,,,,,,,,,,,,,,,,,,,,,,,,,,,,,,,,,,,,,,,,,,,,,,,,,,,,,,,,,,,,,,,,,,,,,,,,,,,,,,,,,,,,,,,,,,,,,,,,,,,,,,,,,,,,,,,,,,,,,,,,,,,,,,,,,,,,,,,,,,,,,,,,,,,,,,,,,,,,,,,,,,,,,,,,,,,,
    Resistance - Std (kOhms),7.499082,10.702619,7.793056,3.309323,2.268787,9.956697,8.211941,4.511773,11.677128,10.453566,6.26967,13.15567,8.510348,11.291481,10.715966,8.549583,11.812117,5.930962,11.576719,15.048188,8.813274,8.952124,11.169552,5.879241,,,,,,,,,,,,,,,,,,,,,,,,,,,,,,,,,,,,,,,,,,,,,,,,,,,,,,,,,,,,,,,,,,,,,,,,,,,,,,,,,,,,,,,,,,,,,,,,,,,,,,,,,,,,,,,,,,,,,,,,,,,,,,,,,,,,,,,,,,,,,,,,,,,,,,,,,,,,,,,,,,,,,,,,,,,,,,,,,,,,,,,,,,,,,,,,,,,,,,,,,,,,,,,,,,,,,,,,,,,,,,,,,,,,,,,,,,,,,,,,,,,,,,,,,,,,,,,,,,,,,,,,,,,,,,,,,,,,,,,,,,,,,,,,,,,,,,,,,,,,,,,,,,,,,,,,,,,,,,,,,,,,,,,,,,,,,,,,,,,,,,,,,,,,,,,,,,,,,,,,
    Number of Covered Electrodes,4,10,8,1,0,4,3,3,12,10,3,10,5,6,6,6,7,4,10,1,7,6,5,1,,,,,,,,,,,,,,,,,,,,,,,,,,,,,,,,,,,,,,,,,,,,,,,,,,,,,,,,,,,,,,,,,,,,,,,,,,,,,,,,,,,,,,,,,,,,,,,,,,,,,,,,,,,,,,,,,,,,,,,,,,,,,,,,,,,,,,,,,,,,,,,,,,,,,,,,,,,,,,,,,,,,,,,,,,,,,,,,,,,,,,,,,,,,,,,,,,,,,,,,,,,,,,,,,,,,,,,,,,,,,,,,,,,,,,,,,,,,,,,,,,,,,,,,,,,,,,,,,,,,,,,,,,,,,,,,,,,,,,,,,,,,,,,,,,,,,,,,,,,,,,,,,,,,,,,,,,,,,,,,,,,,,,,,,,,,,,,,,,,,,,,,,,,,,,,,,,,,,,,,
    Weighted Mean Resistance (kOhms),26.133527,30.130281,27.426573,21.543105, ,28.686309,27.87792,21.428052,36.527012,29.78585,25.268384,33.223959,30.232391,31.397673,31.015182,24.936687,33.739954,23.040075,30.964003,61.979358,29.888703,26.282802,29.35367,30.830195,,,,,,,,,,,,,,,,,,,,,,,,,,,,,,,,,,,,,,,,,,,,,,,,,,,,,,,,,,,,,,,,,,,,,,,,,,,,,,,,,,,,,,,,,,,,,,,,,,,,,,,,,,,,,,,,,,,,,,,,,,,,,,,,,,,,,,,,,,,,,,,,,,,,,,,,,,,,,,,,,,,,,,,,,,,,,,,,,,,,,,,,,,,,,,,,,,,,,,,,,,,,,,,,,,,,,,,,,,,,,,,,,,,,,,,,,,,,,,,,,,,,,,,,,,,,,,,,,,,,,,,,,,,,,,,,,,,,,,,,,,,,,,,,,,,,,,,,,,,,,,,,,,,,,,,,,,,,,,,,,,,,,,,,,,,,,,,,,,,,,,,,,,,,,,,,,,,,,,,,
,,,,,,,,,,,,,,,,,,,,,,,,,,,,,,,,,,,,,,,,,,,,,,,,,,,,,,,,,,,,,,,,,,,,,,,,,,,,,,,,,,,,,,,,,,,,,,,,,,,,,,,,,,,,,,,,,,,,,,,,,,,,,,,,,,,,,,,,,,,,,,,,,,,,,,,,,,,,,,,,,,,,,,,,,,,,,,,,,,,,,,,,,,,,,,,,,,,,,,,,,,,,,,,,,,,,,,,,,,,,,,,,,,,,,,,,,,,,,,,,,,,,,,,,,,,,,,,,,,,,,,,,,,,,,,,,,,,,,,,,,,,,,,,,,,,,,,,,,,,,,,,,,,,,,,,,,,,,,,,,,,,,,,,,,,,,,,,,,,,,,,,,,,,,,,,,,,,,,,,,,,,,,,,,,,,,,,,,,,,,,,,,
Measurement,A1_11,A1_12,A1_13,A1_14,A1_21,A1_22,A1_23,A1_24,A1_31,A1_32,A1_33,A1_34,A1_41,A1_42,A1_43,A1_44,A2_11,A2_12,A2_13,A2_14,A2_21,A2_22,A2_23,A2_24,A2_31,A2_32,A2_33,A2_34,A2_41,A2_42,A2_43,A2_44,A3_11,A3_12,A3_13,A3_14,A3_21,A3_22,A3_23,A3_24,A3_31,A3_32,A3_33,A3_34,A3_41,A3_42,A3_43,A3_44,A4_11,A4_12,A4_13,A4_14,A4_21,A4_22,A4_23,A4_24,A4_31,A4_32,A4_33,A4_34,A4_41,A4_42,A4_43,A4_44,A5_11,A5_12,A5_13,A5_14,A5_21,A5_22,A5_23,A5_24,A5_31,A5_32,A5_33,A5_34,A5_41,A5_42,A5_43,A5_44,A6_11,A6_12,A6_13,A6_14,A6_21,A6_22,A6_23,A6_24,A6_31,A6_32,A6_33,A6_34,A6_41,A6_42,A6_43,A6_44,B1_11,B1_12,B1_13,B1_14,B1_21,B1_22,B1_23,B1_24,B1_31,B1_32,B1_33,B1_34,B1_41,B1_42,B1_43,B1_44,B2_11,B2_12,B2_13,B2_14,B2_21,B2_22,B2_23,B2_24,B2_31,B2_32,B2_33,B2_34,B2_41,B2_42,B2_43,B2_44,B3_11,B3_12,B3_13,B3_14,B3_21,B3_22,B3_23,B3_24,B3_31,B3_32,B3_33,B3_34,B3_41,B3_42,B3_43,B3_44,B4_11,B4_12,B4_13,B4_14,B4_21,B4_22,B4_23,B4_24,B4_31,B4_32,B4_33,B4_34,B4_41,B4_42,B4_43,B4_44,B5_11,B5_12,B5_13,B5_14,B5_21,B5_22,B5_23,B5_24,B5_31,B5_32,B5_33,B5_34,B5_41,B5_42,B5_43,B5_44,B6_11,B6_12,B6_13,B6_14,B6_21,B6_22,B6_23,B6_24,B6_31,B6_32,B6_33,B6_34,B6_41,B6_42,B6_43,B6_44,C1_11,C1_12,C1_13,C1_14,C1_21,C1_22,C1_23,C1_24,C1_31,C1_32,C1_33,C1_34,C1_41,C1_42,C1_43,C1_44,C2_11,C2_12,C2_13,C2_14,C2_21,C2_22,C2_23,C2_24,C2_31,C2_32,C2_33,C2_34,C2_41,C2_42,C2_43,C2_44,C3_11,C3_12,C3_13,C3_14,C3_21,C3_22,C3_23,C3_24,C3_31,C3_32,C3_33,C3_34,C3_41,C3_42,C3_43,C3_44,C4_11,C4_12,C4_13,C4_14,C4_21,C4_22,C4_23,C4_24,C4_31,C4_32,C4_33,C4_34,C4_41,C4_42,C4_43,C4_44,C5_11,C5_12,C5_13,C5_14,C5_21,C5_22,C5_23,C5_24,C5_31,C5_32,C5_33,C5_34,C5_41,C5_42,C5_43,C5_44,C6_11,C6_12,C6_13,C6_14,C6_21,C6_22,C6_23,C6_24,C6_31,C6_32,C6_33,C6_34,C6_41,C6_42,C6_43,C6_44,D1_11,D1_12,D1_13,D1_14,D1_21,D1_22,D1_23,D1_24,D1_31,D1_32,D1_33,D1_34,D1_41,D1_42,D1_43,D1_44,D2_11,D2_12,D2_13,D2_14,D2_21,D2_22,D2_23,D2_24,D2_31,D2_32,D2_33,D2_34,D2_41,D2_42,D2_43,D2_44,D3_11,D3_12,D3_13,D3_14,D3_21,D3_22,D3_23,D3_24,D3_31,D3_32,D3_33,D3_34,D3_41,D3_42,D3_43,D3_44,D4_11,D4_12,D4_13,D4_14,D4_21,D4_22,D4_23,D4_24,D4_31,D4_32,D4_33,D4_34,D4_41,D4_42,D4_43,D4_44,D5_11,D5_12,D5_13,D5_14,D5_21,D5_22,D5_23,D5_24,D5_31,D5_32,D5_33,D5_34,D5_41,D5_42,D5_43,D5_44,D6_11,D6_12,D6_13,D6_14,D6_21,D6_22,D6_23,D6_24,D6_31,D6_32,D6_33,D6_34,D6_41,D6_42,D6_43,D6_44
Activity Metrics,,,,,,,,,,,,,,,,,,,,,,,,,,,,,,,,,,,,,,,,,,,,,,,,,,,,,,,,,,,,,,,,,,,,,,,,,,,,,,,,,,,,,,,,,,,,,,,,,,,,,,,,,,,,,,,,,,,,,,,,,,,,,,,,,,,,,,,,,,,,,,,,,,,,,,,,,,,,,,,,,,,,,,,,,,,,,,,,,,,,,,,,,,,,,,,,,,,,,,,,,,,,,,,,,,,,,,,,,,,,,,,,,,,,,,,,,,,,,,,,,,,,,,,,,,,,,,,,,,,,,,,,,,,,,,,,,,,,,,,,,,,,,,,,,,,,,,,,,,,,,,,,,,,,,,,,,,,,,,,,,,,,,,,,,,,,,,,,,,,,,,,,,,,,,,,,,,,,,,,,,,,,,,,,,,,,,,,,,,,,,,,,
    Number of Spikes,194,168,1288,23,1357,89,1783,0,352,0,191,2342,816,0,39,175,4100,187,745,1216,4550,0,0,236,1,3236,4404,4667,1,686,620,775,264,807,1942,1678,345,304,289,1512,164,440,13,723,366,0,1361,1621,0,92,0,1,4,23,0,0,0,1118,0,0,75,0,0,35,0,0,366,349,344,0,0,0,0,18,0,0,258,0,0,1,1442,1758,0,0,7259,10836,0,0,810,544,0,0,0,380,481,28,1,0,73,0,0,0,0,0,0,1169,2569,10,5,41,0,84,0,0,0,0,0,8,0,0,8,0,0,0,61,73,0,0,601,1266,0,2690,1230,371,1797,1302,2299,2324,1895,2199,113,2161,2785,1870,156,4,4,0,30,17,59,586,6,81,1398,1905,1,1025,3459,316,4,260,922,232,707,106,0,17,447,0,0,0,427,0,0,177,681,169,0,4683,0,64,2138,12,0,0,4436,2093,0,0,392,3074,384,170,167,0,52,8,1940,7,86,141,1678,38,12,11,1372,0,1021,1016,0,1069,0,0,1,0,95,0,0,895,0,0,0,74,0,1702,0,0,1179,43,0,245,0,0,0,0,0,0,0,0,487,0,0,0,412,5,0,0,136,0,0,0,0,5,17,6,0,90,861,0,0,2,0,0,0,1,0,236,0,0,413,2473,0,0,0,0,0,245,0,0,0,0,0,1,0,5,1,0,239,0,0,0,2425,968,0,4533,1753,0,3802,1299,5,3927,1052,0,0,0,0,0,0,0,0,0,0,0,0,0,0,0,0,0,93,0,292,0,949,0,583,0,23,927,1001,156,0,6,3,131,89,0,81,358,0,0,0,0,1,1022,1,21,0,842,427,0,0,0,0,0,0,0,0,0,6,21,0,0,0,127,79,1,0,0,0,0,0,0,0,0,0,0,0,0,0,0,0,730
    Mean Firing Rate (Hz),0.323873,0.280467,2.15025,0.038397,2.265442,0.148581,2.976628,0,0.587646,0,0.318865,3.90985,1.36227,0,0.065109,0.292154,6.844741,0.312187,1.24374,2.03005,7.595993,0,0,0.39399,0.001669,5.402337,7.352254,7.791319,0.001669,1.145242,1.035058,1.293823,0.440735,1.347245,3.24207,2.801336,0.57596,0.507513,0.482471,2.524207,0.27379,0.734558,0.021703,1.207012,0.611018,0,2.27212,2.706177,0,0.153589,0,0.001669,0.006678,0.038397,0,0,0,1.866444,0,0,0.125209,0,0,0.058431,0,0,0.611018,0.582638,0.57429,0,0,0,0,0.03005,0,0,0.430718,0,0,0.001669,2.407346,2.934891,0,0,12.118531,18.09015,0,0,1.352254,0.90818,0,0,0,0.634391,0.803005,0.046745,0.001669,0,0.12187,0,0,0,0,0,0,1.951586,4.288815,0.016694,0.008347,0.068447,0,0.140234,0,0,0,0,0,0.013356,0,0,0.013356,0,0,0,0.101836,0.12187,0,0,1.003339,2.113523,0,4.490818,2.053422,0.619366,3,2.173623,3.838063,3.8798,3.163606,3.671119,0.188648,3.607679,4.649416,3.12187,0.260434,0.006678,0.006678,0,0.050083,0.028381,0.098497,0.978297,0.010017,0.135225,2.33389,3.180301,0.001669,1.711185,5.774624,0.527546,0.006678,0.434057,1.539232,0.387312,1.180301,0.176962,0,0.028381,0.746244,0,0,0,0.712855,0,0,0.295492,1.136895,0.282137,0,7.81803,0,0.106845,3.569282,0.020033,0,0,7.405676,3.494157,0,0,0.654424,5.131886,0.641068,0.283806,0.278798,0,0.086811,0.013356,3.238731,0.011686,0.143573,0.235392,2.801336,0.063439,0.020033,0.018364,2.290484,0,1.704508,1.69616,0,1.784641,0,0,0.001669,0,0.158598,0,0,1.494157,0,0,0,0.123539,0,2.841402,0,0,1.96828,0.071786,0,0.409015,0,0,0,0,0,0,0,0,0.813022,0,0,0,0.687813,0.008347,0,0,0.227045,0,0,0,0,0.008347,0.028381,0.010017,0,0.15025,1.437396,0,0,0.003339,0,0,0,0.001669,0,0.39399,0,0,0.689482,4.128548,0,0,0,0,0,0.409015,0,0,0,0,0,0.001669,0,0.008347,0.001669,0,0.398998,0,0,0,4.048414,1.616027,0,7.567613,2.926544,0,6.347245,2.168614,0.008347,6.555927,1.75626,0,0,0,0,0,0,0,0,0,0,0,0,0,0,0,0,0,0.155259,0,0.487479,0,1.584307,0,0.973289,0,0.038397,1.547579,1.671119,0.260434,0,0.010017,0.005008,0.218698,0.148581,0,0.135225,0.597663,0,0,0,0,0.001669,1.706177,0.001669,0.035058,0,1.405676,0.712855,0,0,0,0,0,0,0,0,0,0.010017,0.035058,0,0,0,0.21202,0.131886,0.001669,0,0,0,0,0,0,0,0,0,0,0,0,0,0,0,1.218698
    ISI Coefficient of Variation,1.949548,3.297538,2.841037, ,5.685567,2.133448,2.864979, ,4.012536, ,3.301885,2.904953,2.399109, , ,2.91923,2.840315,1.645746,1.660654,2.560354,3.081816, , ,1.593373, ,2.79051,2.887817,2.585537, ,1.936189,1.832781,1.896157,2.984866,3.813569,3.639595,3.4462,3.008691,5.801822,1.752668,7.406181,2.414151,2.896692, ,5.221953,3.614828, ,4.053956,3.740664, ,1.811144, , , , , , , ,6.127636, , ,1.570867, , , , , ,2.461821,1.658553,2.596241, , , , , , , ,2.271018, , , ,2.251389,1.968762, , ,3.153091,3.64114, , ,2.059918,1.933606, , , ,2.07214,1.542564, , , ,1.277761, , , , , , ,2.220818,2.010881, , , , ,1.249219, , , , , , , , , , , , ,1.319889,1.410261, , ,2.449039,3.677121, ,4.856864,3.071224,2.00413,4.205459,3.094487,4.986806,4.497905,4.45954,4.539298,1.247733,4.103946,4.681374,3.914019,1.262266, , , , , ,1.019065,2.169746, ,1.051645,2.052264,1.838831, ,1.71864,2.202473,1.225355, ,1.277973,1.539918,2.014386,1.623858,2.016102, , ,1.378841, , , ,1.520071, , ,2.113721,1.431128,1.196082, ,1.507532, ,1.670569,1.47016, , , ,1.70781,1.048956, , ,1.813064,0.977372,1.800165,1.67066,2.134389, ,2.116069, ,3.326344, ,1.681372,1.05751,3.249144, , , ,3.00309, ,5.161902,5.80419, ,4.246236, , , , ,3.73774, , ,3.902364, , , ,2.738686, ,2.114276, , ,2.279379, , ,2.906244, , , , , , , , ,3.161484, , , ,4.978621, , , ,2.743213, , , , , , , , ,4.71518,1.978961, , , , , , , , ,1.84843, , ,1.890841,1.452796, , , , , ,3.413719, , , , , , , , , , ,3.049067, , , ,1.727711,2.512997, ,2.896888,2.184481, ,1.108209,2.064186, ,2.59965,1.877815, , , , , , , , , , , , , , , , , ,2.538598, ,1.837602, ,3.210063, ,2.2412, , ,2.099096,1.906719,1.485474, , , ,3.980342,2.709441, ,1.916164,1.7299, , , , , ,3.817064, , , ,9.43991,6.642916, , , , , , , , , , , , , , ,1.958814,1.461375, , , , , , , , , , , , , , , , ,5.75284
Electrode Burst Metrics,,,,,,,,,,,,,,,,,,,,,,,,,,,,,,,,,,,,,,,,,,,,,,,,,,,,,,,,,,,,,,,,,,,,,,,,,,,,,,,,,,,,,,,,,,,,,,,,,,,,,,,,,,,,,,,,,,,,,,,,,,,,,,,,,,,,,,,,,,,,,,,,,,,,,,,,,,,,,,,,,,,,,,,,,,,,,,,,,,,,,,,,,,,,,,,,,,,,,,,,,,,,,,,,,,,,,,,,,,,,,,,,,,,,,,,,,,,,,,,,,,,,,,,,,,,,,,,,,,,,,,,,,,,,,,,,,,,,,,,,,,,,,,,,,,,,,,,,,,,,,,,,,,,,,,,,,,,,,,,,,,,,,,,,,,,,,,,,,,,,,,,,,,,,,,,,,,,,,,,,,,,,,,,,,,,,,,,,,,,,,,,,
    Number of Bursts,7,14,42,0,33,1,39,0,36,0,19,75,33,0,0,11,273,12,20,51,327,0,0,13,0,246,311,315,0,27,28,28,30,34,49,35,29,13,29,35,20,32,0,34,33,0,36,37,0,2,0,0,0,0,0,0,0,55,0,0,1,0,0,0,0,0,31,13,33,0,0,0,0,0,0,0,24,0,0,0,89,86,0,0,611,767,0,0,60,43,0,0,0,14,20,0,0,0,0,0,0,0,0,0,0,84,163,0,0,0,0,0,0,0,0,0,0,1,0,0,1,0,0,0,0,1,0,0,56,119,0,122,120,13,122,117,124,123,126,121,0,123,116,124,3,0,0,0,1,0,0,26,0,0,59,121,0,28,280,4,0,11,19,17,26,2,0,0,11,0,0,0,1,0,0,14,27,1,0,162,0,1,61,0,0,0,226,42,0,0,3,64,17,9,13,0,0,0,113,0,1,0,73,0,0,0,66,0,33,24,0,37,0,0,0,0,10,0,0,30,0,0,0,3,0,82,0,0,81,0,0,22,0,0,0,0,0,0,0,0,33,0,0,0,32,0,0,0,10,0,0,0,0,0,0,0,0,9,26,0,0,0,0,0,0,0,0,8,0,0,17,119,0,0,0,0,0,10,0,0,0,0,0,0,0,0,0,0,22,0,0,0,72,50,0,56,83,0,75,42,0,277,30,0,0,0,0,0,0,0,0,0,0,0,0,0,0,0,0,0,2,0,17,0,86,0,34,0,0,65,60,3,0,0,0,9,2,0,0,12,0,0,0,0,0,37,0,0,0,26,25,0,0,0,0,0,0,0,0,0,1,1,0,0,0,6,0,0,0,0,0,0,0,0,0,0,0,0,0,0,0,0,0,47
    Burst Duration - Avg (sec),0.114183,0.14936,0.137368, ,0.198943,0.23864,0.197739, ,0.100193, ,0.095486,0.131698,0.173093, , ,0.246153,0.081496,0.073967,0.084228,0.058562,0.083764, , ,0.038628, ,0.062425,0.061581,0.079102, ,0.058279,0.052123,0.096697,0.094664,0.152831,0.132534,0.168295,0.11691,0.1356,0.07475,0.143803,0.087856,0.109903, ,0.137602,0.09985, ,0.165547,0.155211, ,0.06696, , , , , , , ,0.116855, , ,0.08432, , , , , ,0.119525,0.072123,0.09465, , , , , , , ,0.066437, , , ,0.049569,0.049545, , ,0.066426,0.096305, , ,0.041296,0.049754, , , ,0.098794,0.078668, , , , , , , , , , ,0.041863,0.076037, , , , , , , , , , ,0.20232, , ,0.21688, , , , ,0.02032, , ,0.084017,0.056592, ,0.117345,0.061403,0.04448,0.065361,0.062206,0.070833,0.074494,0.063342,0.083924, ,0.070678,0.095165,0.065072,0.03632, , , ,0.04688, , ,0.076769, , ,0.055455,0.065096, ,0.094751,0.060361,0.10006, ,0.060618,0.065743,0.067652,0.051969,0.10204, , ,0.078124, , , ,0.02464, , ,0.057589,0.037289,0.12672, ,0.141664, ,0.12656,0.11861, , , ,0.075307,0.079051, , ,0.068267,0.138539,0.104908,0.133182,0.116394, , , ,0.145034, ,0.23728, ,0.130153, , , ,0.089367, ,0.190451,0.21606, ,0.188977, , , , ,0.110344, , ,0.261565, , , ,0.175867, ,0.104241, , ,0.093494, , ,0.075204, , , , , , , , ,0.113896, , , ,0.14795, , , ,0.137176, , , , , , , , ,0.171049,0.152966, , , , , , , , ,0.13356, , ,0.115704,0.103781, , , , , ,0.446144, , , , , , , , , , ,0.10076, , , ,0.124253,0.108778, ,0.15792,0.129507, ,0.10802,0.096726, ,0.068879,0.064464, , , , , , , , , , , , , , , , , ,0.20964, ,0.071271, ,0.056633, ,0.057327, , ,0.05152,0.119119,0.07632, , , ,0.169244,0.12364, , ,0.15944, , , , , ,0.160733, , , ,0.182815,0.177027, , , , , , , , , ,0.0308,0.2448, , , ,0.103187, , , , , , , , , , , , , , , , , ,0.129755
    Burst Duration - Std (sec),0.096865,0.132558,0.114979, ,0.145084, ,0.180259, ,0.099132, ,0.0963,0.118566,0.115968, , ,0.123607,0.067428,0.022531,0.032651,0.042008,0.083035, , ,0.022872, ,0.059761,0.050366,0.084979, ,0.037072,0.035308,0.047832,0.069518,0.077063,0.093092,0.071725,0.064254,0.09741,0.056619,0.068938,0.04848,0.071098, ,0.06599,0.048343, ,0.075612,0.088864, ,0.015952, , , , , , , ,0.062238, , , , , , , , ,0.067285,0.039664,0.075127, , , , , , , ,0.042996, , , ,0.038428,0.042336, , ,0.061754,0.098256, , ,0.0354,0.046094, , , ,0.085987,0.051866, , , , , , , , , , ,0.05256,0.122041, , , , , , , , , , , , , , , , , , , , , ,0.095646,0.098492, ,0.269729,0.093229,0.056547,0.1286,0.130684,0.093855,0.116028,0.090564,0.140783, ,0.103786,0.166116,0.118036,0.009812, , , , , , ,0.051644, , ,0.051821,0.047498, ,0.074643,0.076617,0.02053, ,0.028271,0.039788,0.030815,0.042817,0.008542, , ,0.055007, , , , , , ,0.037112,0.02676, , ,0.126985, , ,0.109198, , , ,0.054357,0.048493, , ,0.025763,0.08329,0.136292,0.064387,0.043904, , , ,0.114046, , , ,0.122463, , , ,0.117421, ,0.138456,0.215202, ,0.24956, , , , ,0.053084, , ,0.178913, , , ,0.027585, ,0.061977, , ,0.050977, , ,0.043179, , , , , , , , ,0.056647, , , ,0.074915, , , ,0.032342, , , , , , , , ,0.053923,0.073461, , , , , , , , ,0.082943, , ,0.090703,0.067714, , , , , ,0.265982, , , , , , , , , , ,0.068253, , , ,0.090823,0.075296, ,0.081958,0.086374, ,0.068584,0.048059, ,0.072101,0.038401, , , , , , , , , , , , , , , , , ,0.075632, ,0.091415, ,0.045646, ,0.072087, , ,0.062789,0.09836,0.051756, , , ,0.050022,0.151887, , ,0.163356, , , , , ,0.162613, , , ,0.166357,0.123697, , , , , , , , , , , , , , ,0.045935, , , , , , , , , , , , , , , , , ,0.130159
    Number of Spikes per Burst - Avg,6,6.214286,23.595238, ,39.30303,5,31.846154, ,9.027778, ,6.263158,20.826667,15.545455, , ,9.636364,10.300366,8.583333,14.65,15.27451,11.027523, , ,5.923077, ,9.666667,11.006431,10.650794, ,13,9.535714,11.857143,8.1,22.058824,31.673469,40.685714,11,21.615385,6.517241,43.085714,6.4,11.28125, ,21.147059,10.666667, ,32.805556,38.054054, ,5, , , , , , , ,20.036364, , ,5, , , , , ,8,5.923077,7.060606, , , , , , , ,5.875, , , ,10.337079,9.94186, , ,10.446809,13.28292, , ,8.716667,6.674419, , , ,8.571429,7.75, , , , , , , , , , ,8.47619,8.773006, , , , , , , , , , ,8, , ,8, , , , ,6, , ,6.839286,10.478992, ,21.729508,9.333333,5.384615,14.590164,10.470085,18.483871,18.674797,14.992063,17.983471, ,17.211382,23.551724,14.629032,6, , , ,6, , ,12.192308, , ,11.644068,6.570248, ,8.464286,9.146429,6, ,7.090909,9.684211,7.235294,10.538462,5, , ,8.454545, , , ,5, , ,5.857143,6.111111,5, ,11.271605, ,5,10.885246, , , ,8,11.119048, , ,5.666667,6.953125,9.176471,5.666667,6.307692, , , ,14.300885, ,6, ,19.767123, , , ,17.984848, ,28.272727,38.916667, ,25.810811, , , , ,5.8, , ,25.8, , , ,5.333333, ,9.804878, , ,10.08642, , ,9.318182, , , , , , , , ,11.969697, , , ,12.6875, , , ,6.5, , , , , , , , ,8.111111,17.884615, , , , , , , , ,11.25, , ,9.352941,8.277311, , , , , ,21.7, , , , , , , , , , ,8.272727, , , ,16.388889,14.3, ,31.75,13.26506, ,9.186667,14.785714, ,7.33574,5.4, , , , , , , , , , , , , , , , , ,5.5, ,8.941176, ,9.604651, ,9.764706, , ,8.584615,9.916667,6, , , ,6.777778,7.5, , ,7.75, , , , , ,24.216216, , , ,32.269231,16.6, , , , , , , , , ,6,5, , , ,5.5, , , , , , , , , , , , , , , , , ,14.595745
    Number of Spikes per Burst - Std,1.527525,1.311404,11.743311, ,18.699072, ,21.418804, ,3.121228, ,1.557851,19.476509,9.304202, , ,4.080998,9.368158,2.274696,5.967235,10.645334,9.162599, , ,1.187542, ,8.640358,8.806154,9.562664, ,6.644836,3.795535,6.720418,2.264417,8.431331,19.785714,10.799704,3.535534,10.460549,1.213634,12.591714,1.273206,4.097477, ,4.149716,2.879525, ,12.439153,16.227456, ,0, , , , , , , ,7.762597, , , , , , , , ,2.607681,0.954074,1.935513, , , , , , , ,1.034723, , , ,5.791734,5.586443, , ,7.926405,9.463521, , ,3.162769,1.835119, , , ,4.032832,2.572629, , , , , , , , , , ,7.030872,12.515817, , , , , , , , , , , , , , , , , , , , , ,2.325955,5.905827, ,28.53562,4.755065,0.869718,15.112118,12.031978,10.158487,16.279574,8.175569,17.557517, ,12.842202,23.129257,13.92691,1.732051, , , , , , ,7.059854, , ,11.001195,2.242864, ,4.509103,7.635279,1.414214, ,2.071451,4.571076,1.786386,5.941251,0, , ,2.544156, , , , , , ,1.460092,1.250641, , ,12.408685, , ,7.481306, , , ,6.149977,7.00941, , ,1.154701,2.704668,7.367456,1.118034,1.377474, , , ,14.072443, , , ,18.549873, , , ,14.876406, ,20.943783,37.606564, ,29.300965, , , , ,1.135292, , ,25.907528, , , ,0.57735, ,5.703451, , ,3.543295, , ,3.371962, , , , , , , , ,5.445668, , , ,3.125726, , , ,1.649916, , , , , , , , ,1.536591,11.204738, , , , , , , , ,9.49812, , ,5.743923,5.174783, , , , , ,17.307994, , , , , , , , , , ,4.600019, , , ,12.425049,7.008013, ,17.409767,10.846022, ,4.141724,8.140641, ,3.155267,0.723974, , , , , , , , , , , , , , , , , ,0.707107, ,5.459746, ,4.925991, ,6.65632, , ,5.207844,6.936251,1, , , ,1.563472,3.535534, , ,7.374711, , , , , ,21.001501, , , ,18.862784,9.251126, , , , , , , , , , , , , , ,0.547723, , , , , , , , , , , , , , , , , ,10.188782
    Mean ISI within Burst - Avg (sec),0.021417,0.027304,0.006883, ,0.004702,0.05966,0.008853, ,0.01178, ,0.017559,0.009072,0.01278, , ,0.029175,0.010972,0.009878,0.007287,0.0048,0.009919, , ,0.007667, ,0.008947,0.007678,0.009902, ,0.004665,0.005558,0.012675,0.012975,0.007247,0.004612,0.004169,0.011518,0.007533,0.013208,0.003332,0.016411,0.010621, ,0.006799,0.010043, ,0.005488,0.004234, ,0.01674, , , , , , , ,0.00614, , ,0.02108, , , , , ,0.017026,0.014225,0.014928, , , , , , , ,0.013025, , , ,0.005677,0.005612, , ,0.007652,0.007975, , ,0.005029,0.007979, , , ,0.012454,0.01153, , , , , , , , , , ,0.005375,0.009758, , , , , , , , , , ,0.028903, , ,0.030983, , , , ,0.004064, , ,0.013623,0.004595, ,0.004721,0.005978,0.010076,0.003736,0.004745,0.003506,0.003562,0.003768,0.004161, ,0.003575,0.003424,0.003778,0.00738, , , ,0.009376, , ,0.007023, , ,0.005854,0.011653, ,0.012749,0.007116,0.020509, ,0.009943,0.008008,0.011276,0.006087,0.02551, , ,0.011238, , , ,0.00616, , ,0.011607,0.006888,0.03168, ,0.018323, ,0.03164,0.014288, , , ,0.012277,0.01074, , ,0.014449,0.0248,0.010896,0.02832,0.022524, , , ,0.016255, ,0.047456, ,0.008976, , , ,0.005593, ,0.008599,0.00564, ,0.007418, , , , ,0.022578, , ,0.015422, , , ,0.040523, ,0.013639, , ,0.009922, , ,0.008931, , , , , , , , ,0.014318, , , ,0.012486, , , ,0.026394, , , , , , , , ,0.023943,0.014004, , , , , , , , ,0.018452, , ,0.01624,0.014913, , , , , ,0.024091, , , , , , , , , , ,0.014758, , , ,0.009677,0.008141, ,0.007643,0.013845, ,0.013731,0.007911, ,0.010411,0.015246, , , , , , , , , , , , , , , , , ,0.045832, ,0.007591, ,0.00663, ,0.005816, , ,0.006448,0.013626,0.014355, , , ,0.030267,0.014866, , ,0.0243, , , , , ,0.007712, , , ,0.005347,0.011342, , , , , , , , , ,0.00616,0.0612, , , ,0.022383, , , , , , , , , , , , , , , , , ,0.008487
    Mean ISI within Burst - Std (sec),0.016816,0.022388,0.009023, ,0.001478, ,0.012992, ,0.008273, ,0.014343,0.006215,0.00531, , ,0.007266,0.00859,0.002023,0.004584,0.003867,0.008718, , ,0.003634, ,0.008954,0.007456,0.009146, ,0.001216,0.002517,0.011434,0.006848,0.002569,0.001346,0.001096,0.003204,0.006635,0.009362,0.000744,0.007395,0.004922, ,0.002472,0.00353, ,0.002464,0.001233, ,0.003988, , , , , , , ,0.002707, , , , , , , , ,0.006855,0.005109,0.009895, , , , , , , ,0.007826, , , ,0.003203,0.003532, , ,0.006496,0.006319, , ,0.002107,0.004412, , , ,0.007519,0.004564, , , , , , , , , , ,0.005301,0.010412, , , , , , , , , , , , , , , , , , , , , ,0.012451,0.003084, ,0.002774,0.006007,0.013885,0.001353,0.003136,0.001427,0.001151,0.00187,0.001344, ,0.001472,0.001002,0.001304,0.000552, , , , , , ,0.004099, , ,0.003539,0.008027, ,0.010057,0.008451,0.004209, ,0.003382,0.004882,0.005449,0.005117,0.002135, , ,0.009929, , , , , , ,0.006592,0.003737, , ,0.012292, , ,0.010387, , , ,0.007671,0.010511, , ,0.003324,0.01392,0.005949,0.013107,0.009364, , , ,0.012962, , , ,0.005974, , , ,0.002635, ,0.007065,0.002596, ,0.003957, , , , ,0.009518, , ,0.012012, , , ,0.001912, ,0.008385, , ,0.003557, , ,0.003705, , , , , , , , ,0.011554, , , ,0.005016, , , ,0.0089, , , , , , , , ,0.004578,0.012364, , , , , , , , ,0.014293, , ,0.013603,0.008649, , , , , ,0.007741, , , , , , , , , , ,0.007425, , , ,0.008016,0.004145, ,0.007796,0.010671, ,0.006706,0.003113, ,0.009352,0.010014, , , , , , , , , , , , , , , , , ,0.009605, ,0.006683, ,0.004334, ,0.00367, , ,0.006401,0.008626,0.009006, , , ,0.009097,0.015281, , ,0.01608, , , , , ,0.007256, , , ,0.001355,0.003268, , , , , , , , , , , , , , ,0.008127, , , , , , , , , , , , , , , , , ,0.003675
    Median ISI within Burst - Avg (sec),0.020137,0.023111,0.004645, ,0.002707,0.05376,0.006488, ,0.004131, ,0.014832,0.005896,0.006201, , ,0.019313,0.006996,0.007657,0.005098,0.003069,0.006373, , ,0.006049, ,0.006163,0.004723,0.006133, ,0.00356,0.003644,0.01018,0.006813,0.003318,0.003211,0.002883,0.005514,0.005058,0.007524,0.00272,0.009098,0.003814, ,0.004018,0.005144, ,0.003326,0.002876, ,0.01512, , , , , , , ,0.003265, , ,0.00424, , , , , ,0.007821,0.010326,0.00955, , , , , , , ,0.006153, , , ,0.004136,0.003947, , ,0.004053,0.004208, , ,0.003754,0.005762, , , ,0.007326,0.008464, , , , , , , , , , ,0.003439,0.00644, , , , , , , , , , ,0.03368, , ,0.03656, , , , ,0.00336, , ,0.009952,0.002941, ,0.002977,0.003693,0.008132,0.002824,0.002935,0.002796,0.002818,0.002912,0.002995, ,0.002751,0.002776,0.002872,0.006427, , , ,0.0068, , ,0.004023, , ,0.003571,0.005903, ,0.007951,0.00402,0.01108, ,0.006225,0.00516,0.006567,0.003975,0.02084, , ,0.008571, , , ,0.00624, , ,0.008563,0.00372,0.01024, ,0.01157, ,0.01388,0.008997, , , ,0.005639,0.007301, , ,0.004493,0.019612,0.005614,0.021227,0.013942, , , ,0.01138, ,0.048, ,0.005342, , , ,0.003799, ,0.005755,0.002903, ,0.004893, , , , ,0.013768, , ,0.009351, , , ,0.030333, ,0.005855, , ,0.006627, , ,0.004787, , , , , , , , ,0.010943, , , ,0.007355, , , ,0.015604, , , , , , , , ,0.019636,0.009315, , , , , , , , ,0.011745, , ,0.012779,0.009672, , , , , ,0.022804, , , , , , , , , , ,0.007804, , , ,0.006079,0.004489, ,0.004199,0.011413, ,0.007146,0.004083, ,0.007136,0.013344, , , , , , , , , , , , , , , , , ,0.0462, ,0.004574, ,0.00408, ,0.00372, , ,0.003802,0.008921,0.00784, , , ,0.025213,0.00398, , ,0.016057, , , , , ,0.005441, , , ,0.003514,0.00651, , , , , , , , , ,0.00472,0.05752, , , ,0.01934, , , , , , , , , , , , , , , , , ,0.005444
    Median ISI within Burst - Std (sec),0.025752,0.030012,0.008678, ,0.000153, ,0.012902, ,0.003502, ,0.016156,0.004656,0.00404, , ,0.010496,0.006753,0.002259,0.003112,0.000669,0.00638, , ,0.002365, ,0.0074,0.005549,0.006779, ,0.000648,0.000689,0.010402,0.007632,0.000504,0.000899,0.000149,0.001411,0.004956,0.0123,0.000106,0.007399,0.000888, ,0.000678,0.001623, ,0.001247,0.000241, ,0.003168, , , , , , , ,0.000531, , , , , , , , ,0.007933,0.004019,0.011358, , , , , , , ,0.003536, , , ,0.001838,0.001836, , ,0.004116,0.004308, , ,0.000897,0.001936, , , ,0.006378,0.003903, , , , , , , , , , ,0.003236,0.009139, , , , , , , , , , , , , , , , , , , , , ,0.012408,0.000485, ,0.00031,0.004798,0.017117,0.00034,0.000456,0.000222,0.000216,0.000259,0.000493, ,0.000206,0.000229,0.000238,0.000665, , , , , , ,0.001129, , ,0.001241,0.005561, ,0.008383,0.006962,0.005011, ,0.001682,0.003076,0.002745,0.002477,0.009786, , ,0.009623, , , , , , ,0.006024,0.001292, , ,0.013571, , ,0.009296, , , ,0.006192,0.009466, , ,0.001688,0.01503,0.004894,0.01669,0.008578, , , ,0.012753, , , ,0.003214, , , ,0.00159, ,0.007237,0.00024, ,0.001852, , , , ,0.009825, , ,0.011053, , , ,0.008699, ,0.007552, , ,0.002442, , ,0.003819, , , , , , , , ,0.010699, , , ,0.004535, , , ,0.012321, , , , , , , , ,0.008001,0.011696, , , , , , , , ,0.011413, , ,0.013966,0.00781, , , , , ,0.00978, , , , , , , , , , ,0.00688, , , ,0.008195,0.001686, ,0.006151,0.012028, ,0.005608,0.001666, ,0.00808,0.011194, , , , , , , , , , , , , , , , , ,0.0056, ,0.003109, ,0.00292, ,0.001768, , ,0.003694,0.00841,0.004633, , , ,0.01907,0.000933, , ,0.015879, , , , , ,0.007576, , , ,0.00026,0.003158, , , , , , , , , , , , , , ,0.00731, , , , , , , , , , , , , , , , , ,0.002197
    Median/Mean ISI within Burst,0.723055,0.665349,0.651165, ,0.632726,0.901106,0.663402, ,0.481322, ,0.754618,0.660247,0.492238, , ,0.634865,0.694968,0.777207,0.713679,0.769557,0.710398, , ,0.847962, ,0.750018,0.71337,0.691811, ,0.791465,0.740689,0.785397,0.530279,0.508377,0.72099,0.725888,0.503469,0.690993,0.566301,0.841141,0.518988,0.416091, ,0.628716,0.557974, ,0.628847,0.708675, ,0.906406, , , , , , , ,0.605842, , ,0.201139, , , , , ,0.444111,0.742665,0.664755, , , , , , , ,0.600152, , , ,0.788974,0.756299, , ,0.653885,0.630887, , ,0.799504,0.797729, , , ,0.625814,0.774353, , , , , , , , , , ,0.76544,0.681105, , , , , , , , , , ,1.165283, , ,1.180007, , , , ,0.826772, , ,0.746099,0.781106, ,0.747928,0.752708,0.716445,0.812254,0.766552,0.856677,0.839598,0.85297,0.763102, ,0.840222,0.851439,0.813405,0.878563, , , ,0.725256, , ,0.657707, , ,0.701064,0.606299, ,0.630876,0.706428,0.545201, ,0.674786,0.667138,0.605609,0.748227,0.803694, , ,0.724648, , , ,1.012987, , ,0.749316,0.640887,0.323232, ,0.562827, ,0.438685,0.626021, , , ,0.490791,0.684295, , ,0.342543,0.743098,0.592487,0.754589,0.61526, , , ,0.618077, ,1.011463, ,0.692634, , , ,0.738981, ,0.607086,0.596134, ,0.694691, , , , ,0.637635, , ,0.538823, , , ,0.745764, ,0.440638, , ,0.708717, , ,0.573201, , , , , , , , ,0.740063, , , ,0.581242, , , ,0.552998, , , , , , , , ,0.794395,0.593004, , , , , , , , ,0.572733, , ,0.727357,0.650307, , , , , ,0.923521, , , , , , , , , , ,0.541236, , , ,0.626268,0.629642, ,0.632138,0.722562, ,0.521487,0.551026, ,0.72183,0.839252, , , , , , , , , , , , , , , , , ,1.017572, ,0.711024, ,0.686982, ,0.713284, , ,0.700473,0.643506,0.639409, , , ,0.762605,0.499241, , ,0.598632, , , , , ,0.682773, , , ,0.693953,0.577979, , , , , , , , , ,0.766234,0.939869, , , ,0.88664, , , , , , , , , , , , , , , , , ,0.684731
    Inter-Burst Interval - Avg (sec),51.793187,31.237126,12.708332, ,16.27622, ,13.706154, ,14.880382, ,25.748044,7.767378,16.276508, , ,52.077128,2.188476,27.931942,26.183175,11.241672,1.836065, , ,27.071753, ,2.429,1.920031,1.893801, ,19.760418,19.028554,17.864367,19.723175,17.331947,12.122153,16.822174,20.431031,45.193433,19.872634,16.823974,29.638813,18.450663, ,17.333806,17.875538, ,16.342754,15.889758, ,478.22704, , , , , , , ,10.648212, , , , , , , , ,17.675757,44.741433,16.575588, , , , , , , ,24.004205, , , ,6.740104,6.759226, , ,0.976538,0.778499, , ,10.053402,13.640714, , , ,41.061748,29.387263, , , , , , , , , , ,7.195419,3.692293, , , , , , , , , , , , , , , , , , , , , ,10.295603,4.883525, ,4.762484,4.842513,43.155073,4.762479,4.88158,4.685028,4.723433,4.610081,4.802183, ,4.723468,5.010967,4.685045,33.68144, , , , , , ,22.892899, , ,9.997403,4.920844, ,20.647941,2.140075,92.29336, ,51.747384,30.466271,34.03133,23.738166,63.22792, , ,50.532664, , , , , , ,40.59288,22.101972, , ,3.661675, , ,9.862037, , , ,2.64693,14.433526, , ,203.62276,9.24059,34.678195,67.00786,38.681987, , , ,5.277251, , , ,8.115692, , , ,8.988442, ,18.0793,24.489746, ,16.397289, , , , ,60.470018, , ,20.355713, , , ,104.39016, ,6.06191, , ,5.976369, , ,22.875394, , , , , , , , ,17.483068, , , ,17.678702, , , ,57.204204, , , , , , , , ,72.67028,23.666915, , , , , , , , ,78.838731, , ,34.48495,4.94418, , , , , ,19.872951, , , , , , , , , , ,24.584118, , , ,8.402292,11.612676, ,10.661725,7.229131, ,7.960588,13.878265, ,2.158348,18.986436, , , , , , , , , , , , , , , , , ,328.6784, ,31.699485, ,6.798269, ,16.136819, , ,9.029055,9.49389,130.1728, , , ,62.00705,0.15976, , ,43.241949, , , , , ,16.370647, , , ,23.573642,24.556833, , , , , , , , , , , , , , ,83.764944, , , , , , , , , , , , , , , , , ,12.559529
    Inter-Burst Interval - Std (sec),54.584987,33.87113,15.549469, ,16.660217, ,14.547468, ,17.107173, ,17.848455,8.572712,18.001398, , ,40.457471,1.962798,17.646429,24.552158,9.607603,1.398412, , ,24.571547, ,1.94541,1.52512,1.538484, ,12.723176,15.761267,15.163653,11.343291,9.941028,8.231552,10.208269,11.421689,91.878274,17.404806,10.204434,20.377157,10.701585, ,9.948778,9.635627, ,9.856233,9.016861, , , , , , , , , ,11.197938, , , , , , , , ,18.875989,52.612119,9.764147, , , , , , , ,23.970446, , , ,4.20921,5.012513, , ,0.708211,0.578189, , ,7.202451,9.524226, , , ,41.499356,25.171578, , , , , , , , , , ,7.049184,2.816621, , , , , , , , , , , , , , , , , , , , , ,7.898984,3.171561, ,2.912093,3.16551,29.95624,2.995331,3.928648,3.095086,2.990949,3.035498,2.953983, ,2.994958,2.923477,2.975659,15.835572, , , , , , ,15.888828, , ,10.327263,4.214385, ,13.716724,0.998646,116.598367, ,42.868247,25.70587,34.306147,18.193384, , , ,43.20044, , , , , , ,23.061959,18.760798, , ,2.850768, , ,8.939551, , , ,1.984431,12.985259, , ,65.415919,7.439552,41.905866,100.845049,57.352955, , , ,4.31109, , , ,7.224654, , , ,7.130315, ,27.242398,40.691733, ,17.751606, , , , ,49.301077, , ,25.980244, , , ,30.249462, ,5.178238, , ,4.075374, , ,19.160425, , , , , , , , ,15.224632, , , ,20.65342, , , ,47.521645, , , , , , , , ,81.39048,29.459569, , , , , , , , ,51.79891, , ,34.166529,4.781962, , , , , ,24.084042, , , , , , , , , , ,26.506913, , , ,8.609402,10.728553, ,8.125805,6.630208, ,8.597279,9.824946, ,2.126495,15.619112, , , , , , , , , , , , , , , , , , , ,23.146185, ,5.69518, ,13.651354, , ,7.913959,10.399377,37.425974, , , ,59.711213, , , ,51.598543, , , , , ,22.788483, , , ,31.552558,31.839045, , , , , , , , , , , , , , ,54.963619, , , , , , , , , , , , , , , , , ,23.536761
    Burst Frequency (Hz),0.011686,0.023372,0.070117, ,0.055092,0.001669,0.065109, ,0.0601, ,0.03172,0.125209,0.055092, , ,0.018364,0.45576,0.020033,0.033389,0.085142,0.54591, , ,0.021703, ,0.410684,0.519199,0.525876, ,0.045075,0.046745,0.046745,0.050083,0.056761,0.081803,0.058431,0.048414,0.021703,0.048414,0.058431,0.033389,0.053422, ,0.056761,0.055092, ,0.0601,0.06177, ,0.003339, , , , , , , ,0.09182, , ,0.001669, , , , , ,0.051753,0.021703,0.055092, , , , , , , ,0.040067, , , ,0.148581,0.143573, , ,1.020033,1.280467, , ,0.100167,0.071786, , , ,0.023372,0.033389, , , , , , , , , , ,0.140234,0.27212, , , , , , , , , , ,0.001669, , ,0.001669, , , , ,0.001669, , ,0.093489,0.198664, ,0.203673,0.200334,0.021703,0.203673,0.195326,0.207012,0.205342,0.210351,0.202003, ,0.205342,0.193656,0.207012,0.005008, , , ,0.001669, , ,0.043406, , ,0.098497,0.202003, ,0.046745,0.467446,0.006678, ,0.018364,0.03172,0.028381,0.043406,0.003339, , ,0.018364, , , ,0.001669, , ,0.023372,0.045075,0.001669, ,0.270451, ,0.001669,0.101836, , , ,0.377295,0.070117, , ,0.005008,0.106845,0.028381,0.015025,0.021703, , , ,0.188648, ,0.001669, ,0.12187, , , ,0.110184, ,0.055092,0.040067, ,0.06177, , , , ,0.016694, , ,0.050083, , , ,0.005008, ,0.136895, , ,0.135225, , ,0.036728, , , , , , , , ,0.055092, , , ,0.053422, , , ,0.016694, , , , , , , , ,0.015025,0.043406, , , , , , , , ,0.013356, , ,0.028381,0.198664, , , , , ,0.016694, , , , , , , , , , ,0.036728, , , ,0.1202,0.083472, ,0.093489,0.138564, ,0.125209,0.070117, ,0.462437,0.050083, , , , , , , , , , , , , , , , , ,0.003339, ,0.028381, ,0.143573, ,0.056761, , ,0.108514,0.100167,0.005008, , , ,0.015025,0.003339, , ,0.020033, , , , , ,0.06177, , , ,0.043406,0.041736, , , , , , , , , ,0.001669,0.001669, , , ,0.010017, , , , , , , , , , , , , , , , , ,0.078464
    IBI Coefficient of Variation,1.053903,1.084323,1.223565, ,1.023593, ,1.061382, ,1.149646, ,0.693197,1.103681,1.105974, , ,0.776876,0.896879,0.631765,0.937707,0.854642,0.761636, , ,0.907645, ,0.80091,0.79432,0.812379, ,0.643872,0.828296,0.848821,0.575125,0.573567,0.67905,0.606834,0.559036,2.033001,0.875818,0.606541,0.687516,0.580011, ,0.573952,0.53904, ,0.603095,0.567464, , , , , , , , , ,1.051626, , , , , , , , ,1.067903,1.175915,0.589068, , , , , , , ,0.998594, , , ,0.624502,0.741581, , ,0.725226,0.742697, , ,0.716419,0.69822, , , ,1.010657,0.856547, , , , , , , , , , ,0.979677,0.762838, , , , , , , , , , , , , , , , , , , , , ,0.767219,0.649441, ,0.611465,0.653692,0.694153,0.628944,0.80479,0.660633,0.633215,0.658448,0.615133, ,0.634059,0.583416,0.63514,0.470157, , , , , , ,0.69405, , ,1.032995,0.856435, ,0.664314,0.466641,1.263345, ,0.828414,0.843748,1.008075,0.766419, , , ,0.854901, , , , , , ,0.568128,0.848829, , ,0.778542, , ,0.906461, , , ,0.74971,0.89966, , ,0.32126,0.805095,1.208421,1.504973,1.482679, , , ,0.81692, , , ,0.890208, , , ,0.793276, ,1.506828,1.661582, ,1.082594, , , , ,0.815298, , ,1.276312, , , ,0.289773, ,0.854225, , ,0.681915, , ,0.8376, , , , , , , , ,0.870822, , , ,1.168266, , , ,0.830737, , , , , , , , ,1.119997,1.244757, , , , , , , , ,0.657024, , ,0.990766,0.96719, , , , , ,1.211901, , , , , , , , , , ,1.078213, , , ,1.024649,0.923866, ,0.762147,0.917151, ,1.07998,0.707938, ,0.985242,0.822646, , , , , , , , , , , , , , , , , , , ,0.730175, ,0.83774, ,0.845976, , ,0.876499,1.095376,0.28751, , , ,0.962975, , , ,1.193252, , , , , ,1.392033, , , ,1.338468,1.296545, , , , , , , , , , , , , , ,0.656165, , , , , , , , , , , , , , , , , ,1.874016
    Normalized Duration IQR,2.987072,1.672443,1.022821, ,1.090415, ,1.874199, ,1.082553, ,1.005021,1.041841,0.785603, , ,1.020504,1.331118,0.131503,0.224339,1.560812,1.440289, , ,0.270834, ,1.785376,1.219543,1.510131, ,1.002337,0.963242,0.50699,0.637093,0.393991,1.134279,0.396593,0.456661,0.631945,0.841649,0.235789,0.429737,0.557102, ,0.243119,0.623547, ,0.391832,0.363947, , , , , , , , , ,0.644975, , , , , , , , ,0.585609,0.167504,0.880277, , , , , , , ,1.041986, , , ,0.495545,0.583334, , ,1.317107,1.240398, , ,0.33772,0.576613, , , ,1.216494,0.59797, , , , , , , , , , ,0.999003,1.46918, , , , , , , , , , , , , , , , , , , , , ,0.889937,0.78695, ,1.820948,1.696612,1.91518,0.366936,1.092796,0.4441,0.802084,0.570046,0.873474, ,1.158566,0.664381,0.325847, , , , , , , ,1.077117, , ,1.97566,1.146184, ,0.866668,1.979828,0.095771, ,0.896312,1.238863,0.33772,0.891363, , , ,2.073897, , , , , , ,0.779596,0.717049, , ,0.902453, , ,0.731191, , , ,0.793941,1.009582, , , ,0.800801,1.609326,0.774502,0.380551, , , ,0.783011, , , ,0.651209, , , ,1.219034, ,1.113323,0.724663, ,1.096902, , , , ,0.70221, , ,0.488214, , , , , ,0.606912, , ,0.773742, , ,0.812941, , , , , , , , ,0.603013, , , ,0.532023, , , ,0.281259, , , , , , , , ,0.299056,0.547294, , , , , , , , ,0.526289, , ,1.155357,0.963427, , , , , ,0.31631, , , , , , , , , , ,0.837357, , , ,1.148376,0.977116, ,0.66309,1.036428, ,0.531995,0.565921, ,0.99109,0.4962, , , , , , , , , , , , , , , , , , , ,1.489585, ,0.704269, ,1.048535, , ,1.442365,1.017277, , , , ,0.395608, , , ,0.782032, , , , , ,0.950317, , , ,0.390203,0.513861, , , , , , , , , , , , , , ,0.291554, , , , , , , , , , , , , , , , , ,1.601431
    Burst Percentage,21.649485,51.785714,76.940994,0,95.578482,5.617978,69.65788, ,92.329545, ,62.303665,66.695132,62.867647, ,0,60.571429,68.585366,55.080214,39.328859,64.0625,79.252747, , ,32.627119,0,73.485785,77.724796,71.887722,0,51.166181,43.064516,42.83871,92.045455,92.936803,79.917611,84.862932,92.463768,92.434211,65.397924,99.73545,78.04878,82.045455,0,99.44675,96.174863, ,86.774431,86.859963, ,10.869565, ,0,0,0, , , ,98.568873, , ,6.666667, , ,0, , ,67.759563,22.063037,67.732558, , , , ,0, , ,54.651163, , ,0,63.800277,48.634812, , ,87.932222,94.019934, , ,64.567901,52.757353, , , ,31.578947,32.224532,0,0, ,0, , , , , , ,60.906758,55.663682,0,0,0, ,0, , , , , ,100, , ,100, , , ,0,8.219178, , ,63.727121,98.49921, ,98.550186,91.056911,18.867925,99.053979,94.086022,99.69552,98.83821,99.683377,98.95407,0,97.963906,98.096948,97.005348,11.538462,0,0, ,20,0,0,54.095563,0,0,49.141631,41.732283,0,23.121951,74.03874,7.594937,0,30,19.956616,53.017241,38.755304,9.433962, ,0,20.805369, , , ,1.17096, , ,46.327684,24.229075,2.95858, ,38.992099, ,7.8125,31.057063,0, , ,40.757439,22.31247, , ,4.336735,14.476252,40.625,30,49.101796, ,0,0,83.298969,0,6.976744,0,85.995232,0,0,0,86.516035, ,91.380999,91.929134, ,89.335828, , ,0, ,61.052632, , ,86.480447, , , ,21.621622, ,47.238543, , ,69.296014,0, ,83.673469, , , , , , , , ,81.10883, , , ,98.543689,0, , ,47.794118, , , , ,0,0,0, ,81.111111,54.006969, , ,0, , , ,0, ,38.135593, , ,38.498789,39.830166, , , , , ,88.571429, , , , , ,0, ,0,0, ,76.150628, , , ,48.659794,73.863636, ,39.223472,62.806617, ,18.122041,47.806005,0,51.744334,15.39924, , , , , , , , , , , , , , , , , ,11.827957, ,52.054795, ,87.038988, ,56.946827, ,0,60.194175,59.440559,11.538462, ,0,0,46.564885,16.853933, ,0,25.977654, , , , ,0,87.671233,0,0, ,99.643705,97.189696, , , , , , , , , ,100,23.809524, , , ,25.984252,0,0, , , , , , , , , , , , , , , ,93.972603
Viability Metrics,,,,,,,,,,,,,,,,,,,,,,,,,,,,,,,,,,,,,,,,,,,,,,,,,,,,,,,,,,,,,,,,,,,,,,,,,,,,,,,,,,,,,,,,,,,,,,,,,,,,,,,,,,,,,,,,,,,,,,,,,,,,,,,,,,,,,,,,,,,,,,,,,,,,,,,,,,,,,,,,,,,,,,,,,,,,,,,,,,,,,,,,,,,,,,,,,,,,,,,,,,,,,,,,,,,,,,,,,,,,,,,,,,,,,,,,,,,,,,,,,,,,,,,,,,,,,,,,,,,,,,,,,,,,,,,,,,,,,,,,,,,,,,,,,,,,,,,,,,,,,,,,,,,,,,,,,,,,,,,,,,,,,,,,,,,,,,,,,,,,,,,,,,,,,,,,,,,,,,,,,,,,,,,,,,,,,,,,,,,,,,,,
    Resistance (kOhms),12.968834,13.825697,22.187478,11.368979,31.248518,11.44219,25.871961,8.084119,16.048772,8.663671,10.285198,25.226152, ,8.236766,8.530988,10.684659,36.567361,13.766432,25.565064,24.923896,39.926478,9.372527,9.448967,23.223711,9.600005,30.799896,36.654955,36.344012, ,22.719351,14.518676,24.578084,24.797447,25.889641,31.796714,25.632563,19.284533, ,14.857443,33.538003,16.293769,14.279021,12.330155,17.147224, ,9.921448,27.36405,31.109637,9.732793,9.565131,9.393221,10.549154,10.668167,11.247604,10.088355,9.371952, ,21.543105,9.432892, , ,9.347229,9.752671,8.927496,9.295613,9.077225,14.880599,15.01006,12.618149,9.57214,9.309054,9.197624,9.747634, ,9.225759,9.155808, ,9.501186,9.122574,13.483665,17.735467,22.254564,9.391081,8.182743,33.606064,40.674997,8.388978,8.385131,18.209609,10.533856,8.383326,8.423618, ,14.396638,13.260777,8.799523,10.054582,9.387651,12.031587,9.447568,9.520948,9.30843,9.281475, , ,24.711306,35.086343,15.091094, ,11.175086,9.39078,23.836111,15.111542,11.068532,10.931572,11.511468,10.238196,20.481468,10.360744, ,22.318575,10.410233,10.496901,10.88907, ,15.802115,21.484115,11.274251,14.297735,41.611924,10.651805,52.247997,37.143252,16.38445,31.422952,25.135991,26.513998,35.715956,40.475679,37.771097, ,40.278132,41.489427,28.517742,18.116907,13.175459,27.418554,11.201422,22.979446,16.407719,11.522651,21.947371,35.511049,14.304385,38.868097,33.811935, ,31.101393,43.773077,24.33067,11.648019,21.756456,29.207448,16.870948,24.841249,11.934951,11.898609, , ,10.77637,10.715315, , ,10.628775,12.824782,15.238289,29.779274,18.604443,9.940006,45.743932,9.415082,20.034675,39.302894,17.993904, ,14.383344,38.905764,43.002257, ,38.800253,18.143543,39.922551,23.656111,16.188332, ,10.995665,16.902214,17.24247,29.177498,35.840237,16.211286,11.155812,31.555915,12.796113, ,15.996029,30.932196, ,36.847534,40.37426,16.097423,28.200231,21.266023, ,12.197582,11.198048,14.668592,19.671495,13.731086,42.026493, ,10.68964,10.997324,14.80318,15.896674,33.060299,11.604687,11.611112,39.146166,31.107649,10.765406,34.006811, ,11.255389,13.507207,11.05045, ,18.345341,30.424826,10.862534,38.85646, ,18.462979,10.889619,18.871591,15.47253,11.985324,11.329236,22.759639, ,31.399546, , ,11.702781,17.578859,19.269908,23.199425,29.985898,39.607063,12.594479,12.390917, ,12.004702,26.410565,14.10343, ,16.966327,37.43458, ,13.177441,35.328129,44.214018,10.560542,13.427296, ,9.454924,9.591887,24.53838,9.948409,9.517423,9.714329,20.598134,11.979311,11.133946, ,24.654597,12.942857,22.369189,23.115337,8.703184,12.958015,8.493264,37.618303,20.173563,8.791598,36.42594,30.564845,8.479844,30.06477,29.431064, ,29.259188,35.112196,37.874826,5.643952,5.684777,5.642795,5.692185,5.679123,5.620489,5.608095, ,61.979358,5.753505,5.701882,5.680077, ,5.702997,5.684439,5.672415,13.296979,10.457258,15.894442,16.245534,34.093514, ,31.966361, ,21.748614,29.580491,30.284974,35.972363, ,25.574606,17.51087,14.143084,11.342653,9.760355,25.272503,36.196167,9.691941,9.674078,10.224575,10.182983,11.98477,33.029751,13.025159,14.602319, ,18.099987,18.342493,26.755912,40.736678,28.274867,10.184509,11.006793,9.789411,11.260946,10.538431,9.623825, , ,9.514266,18.46192, ,37.039551,22.255334,9.28879,8.52615,9.624029,13.648062,8.421992, ,9.368567,8.708031,8.717001,10.587908,8.574761,8.831664,8.769387, ,8.766628,10.218268,30.830195
